SENDER,RECP_NAME,AMOUNT,CURRENCY,TYPE,TIME
company C,394cbfdd3b16018b7f55d5efa79d5341,659000.0,HUF,tax,2018-10-26 07:45:46.137
company C,cb209dc1783ed163d8571cf64f733686,66000.0,HUF,tax,2018-10-26 07:45:46.113
company A,52ca38fc039c0daf33f1affd6a82f31a,799084.0,HUF,invoice,2018-05-09 16:38:45.663
company A,2f9dfa2a6e1bd285195aae2dca81a950,468064.0,HUF,invoice,2018-05-10 10:51:52.590
company A,cb23ae6b71e25ab886a65bf756205a8e,22500.0,HUF,tax,2018-03-19 15:01:18.943
company C,8fa2a19715bbca3d9f7a566950a56ddf,529.0,HUF,salary,2018-07-18 15:16:17.013
company C,caf861851f88fc23e753674aebe0efcc,190500.0,HUF,invoice,2019-01-07 07:16:24.453
company C,caf861851f88fc23e753674aebe0efcc,190500.0,HUF,invoice,2019-01-07 07:16:24.253
company C,caf861851f88fc23e753674aebe0efcc,190500.0,HUF,invoice,2019-01-07 07:16:24.550
company C,caf861851f88fc23e753674aebe0efcc,190500.0,HUF,invoice,2019-01-07 07:16:24.207
company C,caf861851f88fc23e753674aebe0efcc,190500.0,HUF,invoice,2019-01-07 07:16:24.853
company C,caf861851f88fc23e753674aebe0efcc,190500.0,HUF,invoice,2019-01-07 07:16:25.150
company C,caf861851f88fc23e753674aebe0efcc,190500.0,HUF,invoice,2019-01-07 07:16:25.203
company B,2618ef17e143358a97fd7176299b6287,6985.0,HUF,invoice,2018-10-30 19:23:13.547
company B,2618ef17e143358a97fd7176299b6287,6985.0,HUF,invoice,2018-10-30 19:23:13.573
company B,2618ef17e143358a97fd7176299b6287,6985.0,HUF,invoice,2018-10-30 19:23:13.537
company C,d3f73589ee730edf8c4f0b0fc530cb82,114300.0,HUF,invoice,2019-01-16 10:12:10.943
company C,d3f73589ee730edf8c4f0b0fc530cb82,114300.0,HUF,invoice,2019-01-16 10:12:10.960
company C,d3f73589ee730edf8c4f0b0fc530cb82,114300.0,HUF,invoice,2019-01-16 10:12:10.933
company C,4399b0557095a54ac4fb808d2559f494,889000.0,HUF,invoice,2018-07-20 08:28:04.620
company C,4399b0557095a54ac4fb808d2559f494,889000.0,HUF,invoice,2018-07-20 08:28:04.367
company C,88061ccac93742fd333a63f73bb2ac6d,450000.0,HUF,invoice,2018-07-20 08:28:04.517
company C,88061ccac93742fd333a63f73bb2ac6d,450000.0,HUF,invoice,2018-07-20 08:28:04.413
company C,b735d6eeaeac6360464bf4b7b4247298,309646.0,HUF,other,2018-12-15 08:19:01.747
company D,b32314825ccf104d9d494f5df864088f,420002.0,HUF,other,2019-03-22 09:16:50.237
company C,a4a784f1711e456f9a5f8e40a73c2874,169000.0,HUF,tax,2018-08-01 22:04:17.267
company C,91d482cc280baa037b65487d5454da10,179000.0,HUF,tax,2018-08-01 22:05:17.413
company C,8775e74b8ee8d3ac52cf82ec402c80e8,155000.0,HUF,tax,2018-08-01 22:06:17.767
company C,5a30deed5ffd63e2630ad4380b447a5f,389000.0,HUF,tax,2018-08-01 22:06:17.807
company C,ec34e592e6508c69a435bba963b6d8e5,29000.0,HUF,tax,2018-08-01 22:07:17.970
company C,3a10662b4559bf63392435abfb07ec2f,197000.0,HUF,salary,2018-08-01 22:07:19.410
company C,65f1a7d51d629fcb9823aa81da379c1d,120032.0,HUF,salary,2018-08-01 22:08:23.380
company C,2fe83fefd5082668a6c3069a0ffd489b,166250.0,HUF,salary,2018-08-01 22:08:26.773
company C,b75853b76cb09249107597c2c5f9ffa8,564500.0,HUF,salary,2018-10-26 13:43:21.477
company C,3e0e110d01129540707c5dd6a95e9517,152950.0,HUF,salary,2018-08-01 22:09:34.827
company C,579a00d7827f82071411fffd6cc9335a,161250.0,HUF,salary,2018-08-01 22:10:36.113
company C,055da1f71da93bc2cfecaeb2f9b5064d,13153.0,HUF,tax,2018-08-01 22:14:43.787
company C,9a33cc5e28a588242ad5b1a5ceb013e3,750000.0,HUF,other,2018-10-13 11:04:04.750
company C,7621ebff9ba5d684591bf8985efdb1a9,560000.0,HUF,invoice,2018-11-15 06:49:48.247
company C,9a33cc5e28a588242ad5b1a5ceb013e3,2000000.0,HUF,tax,2018-11-16 12:41:48.487
company B,2618ef17e143358a97fd7176299b6287,6985.0,HUF,invoice,2018-11-15 21:39:01.013
company B,1abc2472d7d704ac9369f0811f61ec31,78740.0,HUF,invoice,2018-11-19 19:51:45.703
company C,394cbfdd3b16018b7f55d5efa79d5341,3000000.0,HUF,tax,2018-10-11 15:02:25.403
company C,ec34e592e6508c69a435bba963b6d8e5,30000.0,HUF,tax,2018-07-10 13:12:38.240
company C,3a10662b4559bf63392435abfb07ec2f,197000.0,HUF,salary,2018-07-19 21:39:37.507
company C,65f1a7d51d629fcb9823aa81da379c1d,120032.0,HUF,salary,2018-07-19 21:39:37.450
company C,2fe83fefd5082668a6c3069a0ffd489b,166250.0,HUF,salary,2018-07-19 21:39:37.483
company C,b75853b76cb09249107597c2c5f9ffa8,564500.0,HUF,salary,2018-07-19 21:39:37.497
company C,3e0e110d01129540707c5dd6a95e9517,152950.0,HUF,salary,2018-07-19 21:39:37.463
company C,579a00d7827f82071411fffd6cc9335a,42988.0,HUF,salary,2018-07-18 15:16:17.067
company C,cd23a32f6837612a943cbb152ee881b1,13136.0,HUF,salary,2018-07-18 15:16:17.113
company C,8fa2a19715bbca3d9f7a566950a56ddf,995.0,HUF,salary,2018-07-18 15:16:17.213
company C,cd23a32f6837612a943cbb152ee881b1,13602.0,HUF,salary,2018-07-18 15:16:16.963
company C,b75853b76cb09249107597c2c5f9ffa8,260000.0,HUF,salary,2018-02-08 07:49:51.923
company C,91d482cc280baa037b65487d5454da10,179000.0,HUF,tax,2018-07-10 13:10:35.863
company C,a4a784f1711e456f9a5f8e40a73c2874,170000.0,HUF,tax,2018-07-10 13:10:33.913
company C,8775e74b8ee8d3ac52cf82ec402c80e8,156000.0,HUF,tax,2018-07-10 13:12:37.877
company C,5a30deed5ffd63e2630ad4380b447a5f,388000.0,HUF,tax,2018-07-10 13:12:38.090
company C,a4a784f1711e456f9a5f8e40a73c2874,170000.0,HUF,tax,2018-02-07 21:25:07.510
company C,91d482cc280baa037b65487d5454da10,179000.0,HUF,tax,2018-02-07 21:25:07.527
company C,8775e74b8ee8d3ac52cf82ec402c80e8,155000.0,HUF,tax,2018-02-07 21:26:07.603
company C,5a30deed5ffd63e2630ad4380b447a5f,389000.0,HUF,tax,2018-02-07 21:26:07.613
company C,ec34e592e6508c69a435bba963b6d8e5,30000.0,HUF,tax,2018-02-07 21:27:07.690
company C,3a10662b4559bf63392435abfb07ec2f,197000.0,HUF,salary,2018-02-08 06:50:44.950
company C,65f1a7d51d629fcb9823aa81da379c1d,120032.0,HUF,salary,2018-02-08 06:50:44.930
company C,2fe83fefd5082668a6c3069a0ffd489b,166250.0,HUF,salary,2018-02-08 06:50:44.647
company C,b75853b76cb09249107597c2c5f9ffa8,564500.0,HUF,salary,2018-02-07 21:29:07.840
company C,3e0e110d01129540707c5dd6a95e9517,152950.0,HUF,salary,2018-02-08 06:50:44.977
company C,579a00d7827f82071411fffd6cc9335a,114224.0,HUF,salary,2018-02-08 06:50:45.017
company C,8fa2a19715bbca3d9f7a566950a56ddf,13746.0,HUF,salary,2018-02-08 06:50:44.967
company C,8fa2a19715bbca3d9f7a566950a56ddf,13746.0,HUF,salary,2018-02-08 06:50:44.957
company C,02f9cfbf6726fc81b476cd2f2bcd1063,1950720.0,HUF,invoice,2018-11-15 06:49:48.343
company C,4399b0557095a54ac4fb808d2559f494,889000.0,HUF,invoice,2018-11-15 08:41:00.383
company C,4399b0557095a54ac4fb808d2559f494,889000.0,HUF,invoice,2018-11-15 08:41:00.403
company C,d2a6bff0056898bc6c3a197bb5eaedf1,2700020.0,HUF,invoice,2018-11-18 08:41:51.900
company D,5d796be318d734ef7e04cdc9fd4e4d7e,49611.0,HUF,other,2019-04-26 10:50:35.393
company C,394cbfdd3b16018b7f55d5efa79d5341,172000.0,HUF,tax,2018-03-20 15:58:06.537
company A,a4a784f1711e456f9a5f8e40a73c2874,6000.0,HUF,tax,2018-03-19 16:58:00.150
company A,73fa5dcc6e122f927846d037c3c54788,4000.0,HUF,tax,2018-03-19 16:58:00.113
company A,d95b0dda73cb4f622df9baa8d80f9659,2000.0,HUF,tax,2018-03-19 16:58:00.140
company A,ccc52582dc674a4571e58ddc1650bbe4,40005.0,HUF,invoice,2018-03-19 16:58:00.127
company B,208daa9788b5ddc6453ab80b2d481523,12319.0,HUF,invoice,2018-10-16 08:53:30.250
company C,88061ccac93742fd333a63f73bb2ac6d,450000.0,HUF,invoice,2019-01-11 10:38:18.837
company C,4399b0557095a54ac4fb808d2559f494,3000000.0,HUF,other,2019-01-11 10:38:18.887
company C,ac552d1871f3402773446518ec7ea37d,254391.0,HUF,other,2018-03-20 10:48:13.347
company A,02c5a9dc8c831ad86f6908f4cddce635,83990.0,HUF,other,2018-03-20 10:21:05.097
company A,ca244d12ef04edb139a23f35905d944e,50426.0,HUF,invoice,2018-03-20 10:21:05.117
company A,ad2026c0f0fa56a8c1ae0786600d0d5b,102235.0,HUF,invoice,2018-03-20 10:29:07.157
company A,ad2026c0f0fa56a8c1ae0786600d0d5b,69698.0,HUF,invoice,2018-04-09 08:35:13.233
company A,632f9281faf5c10a2ecc92473a358560,101059.0,HUF,invoice,2018-04-09 08:35:13.273
company A,f094c0a36b17091c14d58fffd747f0c5,80421.0,HUF,salary,2018-04-09 08:42:18.260
company A,6dfff9ca5daccb879b889980cb50b862,39611.0,HUF,other,2018-04-09 08:42:18.280
company C,a4a784f1711e456f9a5f8e40a73c2874,174000.0,HUF,tax,2019-02-15 06:50:32.857
company C,91d482cc280baa037b65487d5454da10,182000.0,HUF,tax,2019-02-15 06:50:32.867
company C,8775e74b8ee8d3ac52cf82ec402c80e8,158000.0,HUF,tax,2019-02-15 06:50:32.847
company C,5a30deed5ffd63e2630ad4380b447a5f,394000.0,HUF,tax,2019-02-15 06:50:32.817
company C,ec34e592e6508c69a435bba963b6d8e5,30000.0,HUF,tax,2019-02-15 06:50:32.883
company C,3a10662b4559bf63392435abfb07ec2f,197000.0,HUF,salary,2019-02-11 07:47:20.287
company C,65f1a7d51d629fcb9823aa81da379c1d,129675.0,HUF,salary,2019-02-11 07:47:20.267
company C,2fe83fefd5082668a6c3069a0ffd489b,166250.0,HUF,salary,2019-02-11 07:47:20.277
company C,a9f5974d2d26f4b3a8cffe7d90a3525b,39370.0,HUF,salary,2019-02-11 07:50:24.473
company C,6a71c32e99d7a9f2d73b1a0fad0733bf,3423.0,HUF,salary,2019-02-11 07:50:24.343
company C,7cd45d10bfe42ba383b9fe2d4bf6412c,20280.0,HUF,tax,2019-02-07 19:19:45.970
company C,6a71c32e99d7a9f2d73b1a0fad0733bf,1764.0,HUF,salary,2019-02-11 07:50:24.423
company C,b75853b76cb09249107597c2c5f9ffa8,378215.0,HUF,salary,2019-02-11 07:50:24.487
company C,7cd45d10bfe42ba383b9fe2d4bf6412c,20280.0,HUF,salary,2019-02-11 07:50:24.390
company C,729e7d6bfcb381d4c7cfa12c63c85162,3837.0,HUF,salary,2019-02-11 07:50:24.367
company C,43a6b5adb6c36e67cd3743d0a6c4a776,182448.0,HUF,salary,2019-02-15 06:50:32.893
company C,3e0e110d01129540707c5dd6a95e9517,152950.0,HUF,salary,2019-02-11 07:47:20.260
company C,579a00d7827f82071411fffd6cc9335a,16250.0,HUF,salary,2019-02-11 07:47:20.297
company C,e405b5b601dae7f58be9cdcdc415ad7c,38490.0,HUF,tax,2018-03-21 15:53:26.973
company C,102601fdc4b0c74d2c19eae3e308a294,3982.0,HUF,other,2018-03-21 15:55:27.167
company C,b75853b76cb09249107597c2c5f9ffa8,564500.0,HUF,salary,2018-04-10 13:29:37.603
company C,b75853b76cb09249107597c2c5f9ffa8,564500.0,HUF,salary,2018-04-20 08:19:56.803
company C,3e0e110d01129540707c5dd6a95e9517,152950.0,HUF,salary,2018-04-20 08:19:56.827
company C,579a00d7827f82071411fffd6cc9335a,132988.0,HUF,salary,2018-04-20 08:19:56.813
company A,ad2026c0f0fa56a8c1ae0786600d0d5b,40894.0,HUF,invoice,2018-04-10 13:50:45.037
company D,31f0f145175d13e9ec2f8dad9578bd2f,300000.0,HUF,other,2019-02-08 09:59:13.657
company D,f82f11af85b07a9e894264f751754f48,485000.0,HUF,other,2019-02-08 09:59:13.687
company D,f76c077668ebfb91b3e2d69f6ef9aa1a,285750.0,HUF,other,2019-02-07 08:25:24.993
company D,f76c077668ebfb91b3e2d69f6ef9aa1a,95250.0,HUF,other,2019-02-07 08:25:25.003
company D,f76c077668ebfb91b3e2d69f6ef9aa1a,1037394.0,HUF,other,2019-02-06 11:41:25.443
company D,f76c077668ebfb91b3e2d69f6ef9aa1a,393700.0,HUF,other,2019-02-22 11:19:00.320
company D,f76c077668ebfb91b3e2d69f6ef9aa1a,1037394.0,HUF,other,2019-03-01 09:18:36.330
company D,f76c077668ebfb91b3e2d69f6ef9aa1a,174625.0,HUF,other,2019-03-01 09:18:36.280
company D,f76c077668ebfb91b3e2d69f6ef9aa1a,42672.0,HUF,other,2019-03-01 09:18:36.443
company D,f76c077668ebfb91b3e2d69f6ef9aa1a,603663.0,HUF,other,2019-03-01 09:18:36.367
company D,f76c077668ebfb91b3e2d69f6ef9aa1a,370713.0,HUF,other,2019-03-13 09:02:28.243
company C,750b0e0aa860ce59b6a42f86e67a337c,125746.0,HUF,salary,2018-02-08 06:50:44.937
company A,ccc52582dc674a4571e58ddc1650bbe4,40005.0,HUF,invoice,2018-03-23 03:21:31.957
company A,ccc52582dc674a4571e58ddc1650bbe4,10603.0,HUF,invoice,2018-03-23 03:21:31.970
company A,ccc52582dc674a4571e58ddc1650bbe4,40005.0,HUF,invoice,2018-03-23 03:21:31.980
company A,9a43b8e3aa8b878f0fed40285d27896e,50000.0,HUF,other,2018-03-23 06:17:34.240
company A,bd544774898eff3cf4fce9dee5f79520,136890.0,HUF,invoice,2018-03-18 10:54:20.157
company C,9a33cc5e28a588242ad5b1a5ceb013e3,500000.0,HUF,other,2018-05-31 15:31:45.317
company C,effd7a1821a592852ec0a12d88405f57,800000.0,HUF,other,2018-06-01 07:07:26.947
company C,29bc6a139098832dd23a0cba416bbe21,190500.0,HUF,invoice,2018-06-01 07:07:33.393
company C,29bc6a139098832dd23a0cba416bbe21,190500.0,HUF,invoice,2018-06-01 07:07:33.547
company C,29bc6a139098832dd23a0cba416bbe21,190500.0,HUF,invoice,2018-06-01 07:07:33.443
company C,29bc6a139098832dd23a0cba416bbe21,190500.0,HUF,invoice,2018-06-01 07:07:33.293
company C,caf861851f88fc23e753674aebe0efcc,190500.0,HUF,invoice,2018-06-01 07:07:37.143
company C,caf861851f88fc23e753674aebe0efcc,190500.0,HUF,invoice,2018-06-01 07:07:37.097
company C,caf861851f88fc23e753674aebe0efcc,190500.0,HUF,invoice,2018-06-01 07:07:36.947
company C,caf861851f88fc23e753674aebe0efcc,190500.0,HUF,invoice,2018-06-01 07:07:36.993
company C,a0c28cc16218f0393020fdf440be4a99,122525.0,HUF,invoice,2018-06-01 11:01:30.810
company C,9a33cc5e28a588242ad5b1a5ceb013e3,1000000.0,HUF,other,2018-06-01 11:06:33.570
company D,5d796be318d734ef7e04cdc9fd4e4d7e,8346.0,HUF,other,2019-02-19 12:36:42.693
company D,5d796be318d734ef7e04cdc9fd4e4d7e,35669.0,HUF,other,2019-02-19 12:36:42.687
company D,5d796be318d734ef7e04cdc9fd4e4d7e,101956.0,HUF,other,2019-02-19 12:36:42.717
company D,5d796be318d734ef7e04cdc9fd4e4d7e,70526.0,HUF,other,2019-02-06 12:51:57.237
company D,5d796be318d734ef7e04cdc9fd4e4d7e,18364.0,HUF,other,2019-02-19 12:36:42.763
company C,d2a6bff0056898bc6c3a197bb5eaedf1,723900.0,HUF,invoice,2018-04-21 14:21:08.120
company C,d2a6bff0056898bc6c3a197bb5eaedf1,723900.0,HUF,invoice,2018-04-21 14:21:08.137
company B,453d9fd7ef7aa8e6e11b8cc9c623664c,12065.0,HUF,invoice,2018-10-17 16:27:24.507
company C,032247dd2322518294e9c099680717df,250000.0,HUF,invoice,2018-11-15 06:49:16.743
company C,874a94aacf234215e9ea527eff8f1331,15000.0,HUF,tax,2018-03-20 15:58:06.560
company C,5a050d2285745008db6d10e2f35e52cc,3000.0,HUF,tax,2018-03-20 15:58:06.570
company C,b2c1bad7c90db272ba30194448412083,445300.0,HUF,tax,2018-03-06 09:35:36.497
company C,b2c1bad7c90db272ba30194448412083,573200.0,HUF,tax,2018-03-06 09:36:36.760
company C,26d73d42970f9fd1dfddc41f7555b6e0,6263.0,HUF,salary,2018-03-13 13:22:37.560
company C,8fa2a19715bbca3d9f7a566950a56ddf,11588.0,HUF,salary,2018-03-13 13:22:37.640
company C,88a66399820d2baa287fb81b7b6086c3,5000.0,HUF,tax,2018-03-20 15:58:06.577
company D,7bca9405d07ef7f64b4f9c825e8bb5fe,15345054.0,HUF,other,2019-04-26 10:50:35.403
company A,b2fcc19ace418192b9152bb76df44d1c,19050.0,HUF,invoice,2018-04-23 08:31:28.370
company A,ad2026c0f0fa56a8c1ae0786600d0d5b,21971.0,HUF,invoice,2018-04-23 08:31:28.440
company A,b2fcc19ace418192b9152bb76df44d1c,19050.0,HUF,invoice,2018-04-23 08:31:28.330
company C,9608ff08f0c6638b891af5b7d7a9d6ab,250000.0,HUF,other,2018-04-23 11:52:22.517
company C,9a33cc5e28a588242ad5b1a5ceb013e3,500000.0,HUF,other,2018-04-23 11:56:23.083
company C,d2a6bff0056898bc6c3a197bb5eaedf1,723900.0,HUF,invoice,2018-11-27 11:51:09.167
company D,066d24be76d30970e27980a75e717668,831290.0,HUF,salary,2019-03-01 10:52:15.870
company D,066d24be76d30970e27980a75e717668,711906.0,HUF,other,2019-03-01 10:53:34.883
company D,0f287de6d3ce3da95f063b153558a96d,300000.0,HUF,other,2019-03-01 10:53:34.733
company D,066d24be76d30970e27980a75e717668,831250.0,HUF,salary,2019-03-01 10:53:34.667
company C,8fa2a19715bbca3d9f7a566950a56ddf,5194.0,HUF,salary,2018-03-13 13:22:37.590
company A,73fa5dcc6e122f927846d037c3c54788,36000.0,HUF,tax,2018-03-06 09:02:12.213
company A,d95b0dda73cb4f622df9baa8d80f9659,31000.0,HUF,tax,2018-03-06 09:02:12.313
company C,88a66399820d2baa287fb81b7b6086c3,5000.0,HUF,other,2018-03-06 09:42:49.937
company C,a4a784f1711e456f9a5f8e40a73c2874,157000.0,HUF,tax,2018-03-06 08:15:26.520
company C,91d482cc280baa037b65487d5454da10,171000.0,HUF,tax,2018-03-06 08:16:26.637
company C,8775e74b8ee8d3ac52cf82ec402c80e8,148000.0,HUF,tax,2018-03-06 08:16:26.800
company C,5a30deed5ffd63e2630ad4380b447a5f,371000.0,HUF,tax,2018-03-06 08:17:26.977
company C,ec34e592e6508c69a435bba963b6d8e5,29000.0,HUF,tax,2018-03-06 08:17:27.320
company C,3a10662b4559bf63392435abfb07ec2f,197000.0,HUF,salary,2018-03-20 16:05:07.340
company C,65f1a7d51d629fcb9823aa81da379c1d,120032.0,HUF,salary,2018-03-13 13:22:37.610
company C,2fe83fefd5082668a6c3069a0ffd489b,166250.0,HUF,salary,2018-03-13 13:22:37.620
company C,b75853b76cb09249107597c2c5f9ffa8,564500.0,HUF,salary,2018-04-20 10:44:19.007
company C,3e0e110d01129540707c5dd6a95e9517,152950.0,HUF,salary,2018-03-20 16:05:07.363
company C,579a00d7827f82071411fffd6cc9335a,93149.0,HUF,salary,2018-03-13 13:22:37.600
company C,8fa2a19715bbca3d9f7a566950a56ddf,131.0,HUF,salary,2018-03-13 13:22:37.577
company A,a4a784f1711e456f9a5f8e40a73c2874,54000.0,HUF,tax,2018-03-06 09:02:12.320
company C,f88059d8e9c71a994842cec0fe6d45d9,17151.0,HUF,other,2018-05-30 16:24:35.787
company C,f88059d8e9c71a994842cec0fe6d45d9,8402.0,HUF,other,2018-05-30 16:26:36.183
company C,f88059d8e9c71a994842cec0fe6d45d9,8255.0,HUF,other,2018-05-30 16:28:37.560
company C,f88059d8e9c71a994842cec0fe6d45d9,22606.0,HUF,other,2018-05-30 16:32:38.733
company C,20c55287f7e8d8f051ba1e0546f41646,150442.0,HUF,invoice,2018-12-15 08:23:56.297
company C,20c55287f7e8d8f051ba1e0546f41646,1459.0,HUF,invoice,2018-12-15 08:23:57.297
company C,9a33cc5e28a588242ad5b1a5ceb013e3,190000.0,HUF,other,2018-06-08 12:53:38.120
company C,9a33cc5e28a588242ad5b1a5ceb013e3,10000.0,HUF,other,2018-03-27 14:00:45.633
company C,20c55287f7e8d8f051ba1e0546f41646,200055.0,HUF,other,2018-03-27 21:49:20.280
company C,02f9cfbf6726fc81b476cd2f2bcd1063,3606800.0,HUF,invoice,2019-01-25 08:08:47.887
company D,387fa89abe59cab1a6c9a27f42031848,5312.0,HUF,other,2019-01-22 11:40:12.777
company D,cfaacbc068247d2f021cf8b441348f77,67653.0,HUF,other,2019-01-22 11:40:12.757
company C,d3f73589ee730edf8c4f0b0fc530cb82,114300.0,HUF,invoice,2019-01-16 10:12:10.953
company C,a4a784f1711e456f9a5f8e40a73c2874,169000.0,HUF,tax,2018-04-20 08:19:56.703
company C,91d482cc280baa037b65487d5454da10,179000.0,HUF,tax,2018-04-20 08:19:56.723
company C,8775e74b8ee8d3ac52cf82ec402c80e8,155000.0,HUF,tax,2018-04-20 08:19:56.693
company C,5a30deed5ffd63e2630ad4380b447a5f,388000.0,HUF,tax,2018-04-20 08:19:56.733
company C,ec34e592e6508c69a435bba963b6d8e5,29000.0,HUF,tax,2018-04-20 08:19:56.713
company C,2ce751bd2fd60b76b7d5e8a873a80cb9,2492.0,HUF,tax,2018-04-20 08:19:56.673
company C,3a10662b4559bf63392435abfb07ec2f,197000.0,HUF,salary,2018-04-20 08:19:56.683
company C,65f1a7d51d629fcb9823aa81da379c1d,120032.0,HUF,salary,2018-04-20 08:19:56.753
company C,2fe83fefd5082668a6c3069a0ffd489b,166250.0,HUF,salary,2018-04-20 08:19:56.793
company C,8fa2a19715bbca3d9f7a566950a56ddf,5658.0,HUF,salary,2018-04-20 08:19:56.743
company C,8fa2a19715bbca3d9f7a566950a56ddf,8473.0,HUF,salary,2018-04-20 08:19:56.763
company C,cd23a32f6837612a943cbb152ee881b1,14131.0,HUF,salary,2018-04-20 08:19:56.783
company C,9a33cc5e28a588242ad5b1a5ceb013e3,4000000.0,HUF,other,2018-04-20 11:12:25.787
company C,2fe83fefd5082668a6c3069a0ffd489b,166250.0,HUF,salary,2019-02-05 07:26:51.397
company C,e519abca826d2019f502a7f5ae0ab17c,163634.0,HUF,invoice,2018-02-27 21:26:30.013
company A,e7dacce3f79ef6cda7dd6f54fd53dc38,23477.0,HUF,other,2018-05-14 09:51:56.190
company B,05ed321cf93c3d70a65636c18d12772d,3543.0,HUF,invoice,2019-02-28 17:45:41.540
company C,9a33cc5e28a588242ad5b1a5ceb013e3,300000.0,HUF,other,2018-04-26 11:57:17.880
company B,97354b1ba69c559620e4564a04d12815,129254.0,HUF,invoice,2018-12-03 14:02:17.747
company B,6d65834b3d7106ec6f0da7c1ba47c172,40000.0,HUF,invoice,2018-12-03 14:02:17.810
company D,54e36bd3de29de6d3e28afc53a4cdec8,4354322.0,HUF,other,2019-03-11 14:04:12.773
company D,54e36bd3de29de6d3e28afc53a4cdec8,3966083.0,HUF,other,2019-03-11 14:04:12.767
company D,54e36bd3de29de6d3e28afc53a4cdec8,4679594.0,HUF,other,2019-03-11 14:04:12.750
company C,a4a784f1711e456f9a5f8e40a73c2874,170000.0,HUF,tax,2018-10-10 16:16:22.083
company C,91d482cc280baa037b65487d5454da10,179000.0,HUF,tax,2018-10-10 16:17:23.407
company C,8775e74b8ee8d3ac52cf82ec402c80e8,155000.0,HUF,tax,2018-10-10 16:18:24.430
company C,5a30deed5ffd63e2630ad4380b447a5f,388000.0,HUF,tax,2018-10-10 16:18:24.827
company A,6dfff9ca5daccb879b889980cb50b862,39611.0,HUF,salary,2018-03-06 19:24:59.397
company A,5804555217966e43130a4389f09df7c0,80421.0,HUF,salary,2018-03-06 19:24:58.817
company C,9a33cc5e28a588242ad5b1a5ceb013e3,360000.0,HUF,other,2018-02-28 07:32:31.880
company C,29bc6a139098832dd23a0cba416bbe21,95250.0,HUF,invoice,2018-09-23 19:52:24.710
company C,8fa2a19715bbca3d9f7a566950a56ddf,11588.0,HUF,salary,2018-03-06 09:39:45.140
company A,ccc52582dc674a4571e58ddc1650bbe4,57607.0,HUF,invoice,2018-04-17 11:33:54.347
company A,ccc52582dc674a4571e58ddc1650bbe4,40005.0,HUF,invoice,2018-04-17 11:33:54.337
company C,c3e87ea502598dcc38747abbfc0510db,136901.0,HUF,invoice,2018-11-13 11:28:18.303
company C,a0c28cc16218f0393020fdf440be4a99,306746.0,HUF,invoice,2018-11-13 12:37:17.883
company C,17a1c395981c301970d78bf54f55024e,17639.0,HUF,other,2018-11-13 12:44:24.557
company A,59b3d25da9568860a7b1e2c99cc00a82,923925.0,HUF,invoice,2018-04-12 07:26:34.440
company A,74ec47398ac68b089cf4ac2e9212561b,126091.0,HUF,invoice,2018-04-12 07:26:34.457
company C,9a33cc5e28a588242ad5b1a5ceb013e3,1300000.0,HUF,tax,2018-05-30 14:34:27.093
company C,9a33cc5e28a588242ad5b1a5ceb013e3,1300000.0,HUF,other,2018-05-30 14:35:30.280
company C,8fa2a19715bbca3d9f7a566950a56ddf,529.0,HUF,tax,2018-07-16 09:52:48.280
company A,59b3d25da9568860a7b1e2c99cc00a82,1285875.0,HUF,invoice,2018-05-15 09:48:15.503
company A,59b3d25da9568860a7b1e2c99cc00a82,548640.0,HUF,invoice,2018-05-15 09:48:15.653
company A,d55f54d93b76fa982021d480153a1b38,76990.0,HUF,invoice,2018-05-15 10:25:41.767
company C,b75853b76cb09249107597c2c5f9ffa8,100000.0,HUF,salary,2018-06-06 09:00:12.593
company C,29bc6a139098832dd23a0cba416bbe21,190500.0,HUF,invoice,2018-10-29 09:14:26.677
company C,29bc6a139098832dd23a0cba416bbe21,95250.0,HUF,invoice,2018-10-29 09:14:26.643
company C,29bc6a139098832dd23a0cba416bbe21,95250.0,HUF,invoice,2018-10-29 09:14:26.620
company C,29bc6a139098832dd23a0cba416bbe21,95250.0,HUF,invoice,2018-10-29 09:14:26.700
company C,9a33cc5e28a588242ad5b1a5ceb013e3,2000000.0,HUF,other,2018-10-29 09:25:34.597
company C,a0c28cc16218f0393020fdf440be4a99,317464.0,HUF,invoice,2018-12-17 07:26:51.257
company C,41df0304a4041542e9ba14c79d0cead3,1930654.0,HUF,other,2018-12-17 07:42:14.757
company C,476b8dfe10a43191ff7ddc62d9cafe27,18700.0,HUF,tax,2018-03-20 15:58:06.550
company B,05ed321cf93c3d70a65636c18d12772d,3543.0,HUF,invoice,2019-01-15 16:12:11.607
company A,59b3d25da9568860a7b1e2c99cc00a82,171450.0,HUF,invoice,2018-05-10 10:40:25.047
company A,59b3d25da9568860a7b1e2c99cc00a82,1285875.0,HUF,invoice,2018-05-10 10:38:23.677
company A,59b3d25da9568860a7b1e2c99cc00a82,207010.0,HUF,invoice,2018-05-10 10:40:24.540
company A,59b3d25da9568860a7b1e2c99cc00a82,171450.0,HUF,invoice,2018-05-10 10:40:24.730
company A,4c49151d1286a130b9971a01c551e537,1000.0,HUF,tax,2018-05-10 11:41:18.337
company C,9a33cc5e28a588242ad5b1a5ceb013e3,260000.0,HUF,other,2018-04-27 12:39:43.910
company C,9a33cc5e28a588242ad5b1a5ceb013e3,160000.0,HUF,other,2018-07-23 08:27:48.160
company D,a1be2af9464799010ae6e33e74c539c3,2008540.0,HUF,other,2019-03-01 09:18:37.027
company D,099ff9f1019c4f8c7d93060d0f39dab2,300000.0,HUF,other,2019-03-01 09:18:37.090
company D,f76c077668ebfb91b3e2d69f6ef9aa1a,44983.0,HUF,other,2019-03-14 13:49:34.017
company D,5d796be318d734ef7e04cdc9fd4e4d7e,5817.0,HUF,other,2019-03-01 09:18:36.963
company D,49ff4c9db30a26368af5c76641e090ba,577850.0,HUF,other,2019-02-28 15:53:11.227
company D,590df9a4bee32ff0421d9c3d3f7203ef,1595679.0,HUF,other,2019-03-01 09:18:36.873
company C,4399b0557095a54ac4fb808d2559f494,889000.0,HUF,invoice,2018-11-14 08:35:35.780
company C,4399b0557095a54ac4fb808d2559f494,889000.0,HUF,invoice,2018-11-14 08:35:35.827
company C,4399b0557095a54ac4fb808d2559f494,889000.0,HUF,invoice,2018-11-14 08:35:35.877
company C,88061ccac93742fd333a63f73bb2ac6d,450000.0,HUF,invoice,2018-11-14 08:36:41.027
company C,88061ccac93742fd333a63f73bb2ac6d,450000.0,HUF,invoice,2018-11-14 08:36:41.127
company C,88061ccac93742fd333a63f73bb2ac6d,450000.0,HUF,invoice,2018-11-14 08:36:41.077
company C,88061ccac93742fd333a63f73bb2ac6d,450000.0,HUF,invoice,2018-11-14 08:36:41.180
company C,b215d76c1b9560be992b42c56332c667,88900.0,HUF,invoice,2018-11-14 08:44:51.997
company C,b215d76c1b9560be992b42c56332c667,88900.0,HUF,invoice,2018-11-14 08:44:51.963
company C,b215d76c1b9560be992b42c56332c667,62230.0,HUF,invoice,2018-11-14 08:44:51.757
company C,53cd8e076f87ad244992f190738efb90,657000.0,HUF,tax,2018-12-31 07:35:20.930
company C,bc9585782aa3d273bcfce466f9a572f0,500000.0,HUF,tax,2018-12-31 07:35:20.780
company D,37dee58a72c11fb60a159ca627596c4b,50800.0,HUF,other,2019-03-29 11:12:48.237
company D,b32314825ccf104d9d494f5df864088f,579084.0,HUF,other,2019-03-29 11:12:48.273
company D,a1400863e1bf0ed5e239f0cebac0d08f,1500000.0,HUF,other,2019-03-29 11:12:48.267
company D,378c3cc2d188d81d4741d2bb894112dc,503892.0,HUF,other,2019-03-29 11:12:48.257
company D,19a7218eb815f3851235f3be833d5a5c,5126355.0,HUF,other,2019-04-01 09:08:01.073
company D,0b5db777f2651806a50b95afb4bf85ef,158750.0,HUF,other,2019-04-15 09:58:12.613
company D,b86edcd75d171039bd805d167d84488f,38100.0,HUF,other,2019-04-08 09:28:30.363
company C,a4a784f1711e456f9a5f8e40a73c2874,169000.0,HUF,tax,2018-05-03 13:02:26.070
company C,91d482cc280baa037b65487d5454da10,179000.0,HUF,tax,2018-05-03 13:02:26.137
company C,8775e74b8ee8d3ac52cf82ec402c80e8,156000.0,HUF,tax,2018-05-03 13:03:26.237
company C,5a30deed5ffd63e2630ad4380b447a5f,388000.0,HUF,tax,2018-05-03 13:04:26.593
company C,ec34e592e6508c69a435bba963b6d8e5,30000.0,HUF,tax,2018-05-03 13:04:26.783
company C,3a10662b4559bf63392435abfb07ec2f,197000.0,HUF,salary,2018-06-01 07:07:26.623
company C,65f1a7d51d629fcb9823aa81da379c1d,120032.0,HUF,salary,2018-05-30 15:17:19.353
company C,2fe83fefd5082668a6c3069a0ffd489b,166250.0,HUF,salary,2018-05-30 15:17:19.340
company C,b75853b76cb09249107597c2c5f9ffa8,564500.0,HUF,salary,2018-07-20 08:46:22.967
company C,3e0e110d01129540707c5dd6a95e9517,152950.0,HUF,salary,2018-06-01 07:07:26.673
company C,579a00d7827f82071411fffd6cc9335a,132988.0,HUF,salary,2018-05-03 13:09:28.443
company C,8fa2a19715bbca3d9f7a566950a56ddf,5440.0,HUF,salary,2018-06-01 07:07:26.657
company C,cd23a32f6837612a943cbb152ee881b1,7996.0,HUF,salary,2018-06-01 07:07:26.637
company C,8fa2a19715bbca3d9f7a566950a56ddf,695.0,HUF,salary,2018-06-01 07:07:26.690
company C,cd23a32f6837612a943cbb152ee881b1,13136.0,HUF,salary,2018-06-01 07:07:26.647
company C,8fa2a19715bbca3d9f7a566950a56ddf,995.0,HUF,salary,2018-06-01 07:07:26.707
company D,5d796be318d734ef7e04cdc9fd4e4d7e,39975.0,HUF,other,2019-04-26 10:50:35.440
company D,f76c077668ebfb91b3e2d69f6ef9aa1a,1870329.0,HUF,other,2019-04-26 10:50:35.463
company D,bf676b246160b616d370fb1ebe0d1654,11921.0,HUF,other,2019-04-26 10:54:42.613
company C,9a33cc5e28a588242ad5b1a5ceb013e3,300000.0,HUF,other,2018-04-24 12:13:51.987
company C,9a33cc5e28a588242ad5b1a5ceb013e3,200000.0,HUF,other,2018-04-24 13:47:16.603
company C,e519abca826d2019f502a7f5ae0ab17c,141364.0,HUF,invoice,2018-04-20 08:34:59.407
company C,05ed321cf93c3d70a65636c18d12772d,3581966.0,HUF,invoice,2018-04-20 08:34:59.413
company C,e519abca826d2019f502a7f5ae0ab17c,90065.0,HUF,invoice,2018-04-20 10:39:16.560
company C,4399b0557095a54ac4fb808d2559f494,889000.0,HUF,invoice,2018-04-20 10:39:16.593
company C,4399b0557095a54ac4fb808d2559f494,889000.0,HUF,invoice,2018-04-20 10:39:16.613
company C,4399b0557095a54ac4fb808d2559f494,889000.0,HUF,invoice,2018-04-20 10:39:16.570
company C,4399b0557095a54ac4fb808d2559f494,889000.0,HUF,invoice,2018-04-20 10:39:16.583
company C,88061ccac93742fd333a63f73bb2ac6d,450000.0,HUF,invoice,2018-04-20 10:42:18.013
company C,88061ccac93742fd333a63f73bb2ac6d,450000.0,HUF,invoice,2018-04-20 10:42:18.020
company C,88061ccac93742fd333a63f73bb2ac6d,450000.0,HUF,invoice,2018-04-20 10:42:18.003
company C,ac552d1871f3402773446518ec7ea37d,2032000.0,HUF,invoice,2018-04-20 10:49:20.577
company C,ac552d1871f3402773446518ec7ea37d,2000000.0,HUF,invoice,2019-05-17 13:20:58.440
company C,d34961f56fc82d7804192f17be669d1c,871428.0,HUF,invoice,2019-05-17 13:20:58.453
company C,20c55287f7e8d8f051ba1e0546f41646,107441.0,HUF,invoice,2019-05-17 13:20:58.477
company C,20c55287f7e8d8f051ba1e0546f41646,95224.0,HUF,invoice,2019-05-17 13:20:58.537
company C,032247dd2322518294e9c099680717df,500000.0,HUF,invoice,2018-10-26 07:18:21.173
company C,032247dd2322518294e9c099680717df,375000.0,HUF,invoice,2018-10-26 07:18:21.370
company C,032247dd2322518294e9c099680717df,430000.0,HUF,invoice,2018-10-26 07:18:21.470
company A,c18b450ede5195c5ac19406a5613fe58,85990.0,HUF,tax,2018-05-04 14:14:39.947
company C,29bc6a139098832dd23a0cba416bbe21,285750.0,HUF,invoice,2019-03-26 10:41:00.243
company B,915d64d0debb807845ed668b1b8aa9f3,45874.0,HUF,tax,2019-03-03 17:38:20.023
company D,066d24be76d30970e27980a75e717668,1273271.0,HUF,other,2019-03-08 09:25:46.217
company D,afca46458a6076342d0b9cbb54106b9a,210007.0,HUF,salary,2019-03-08 09:25:46.147
company D,aa21c4ef38566787a811238ff4b437f8,134675.0,HUF,salary,2019-03-08 09:25:46.137
company D,5228b6e075f86a22b50611743db903d4,118003.0,HUF,salary,2019-03-08 09:25:46.160
company C,d2a6bff0056898bc6c3a197bb5eaedf1,1905000.0,HUF,invoice,2019-03-20 13:22:28.103
company C,02f9cfbf6726fc81b476cd2f2bcd1063,4475226.0,HUF,invoice,2019-03-20 13:22:28.087
company C,394cbfdd3b16018b7f55d5efa79d5341,4965000.0,HUF,tax,2018-08-22 11:02:23.630
company D,3ec24a77e8c53f1b87b3edae6b1d1a4d,64680.0,HUF,other,2019-02-12 12:21:56.083
company A,c3e87ea502598dcc38747abbfc0510db,182210.0,HUF,invoice,2018-05-11 07:54:43.507
company D,f0aa57760d4c914066eafd1fcae8c03f,292811.0,HUF,other,2019-04-02 15:22:28.267
company D,f76c077668ebfb91b3e2d69f6ef9aa1a,361156.0,HUF,other,2019-04-26 10:50:35.323
company D,8c8ffe563d90b26a49f6637d0f843a48,9694221.0,HUF,other,2019-04-01 09:08:01.083
company D,bdf4d4e1b3fb0ea5488c404ff3df0be8,16231.0,HUF,other,2019-03-25 15:27:13.987
company D,7bca9405d07ef7f64b4f9c825e8bb5fe,21972260.0,HUF,other,2019-02-28 15:48:04.350
company D,dedc45f473e578cce1dcf4f8fa4a4168,635000.0,HUF,other,2019-03-04 12:56:07.690
company C,d0a7769d7cfc81caaedd802236056cf2,101600.0,HUF,invoice,2018-07-19 17:01:28.717
company C,2b571bf7c8b3c653ce5fc73b59e35f4c,202946.0,HUF,invoice,2018-07-19 17:04:29.890
company C,ac552d1871f3402773446518ec7ea37d,2032000.0,HUF,invoice,2018-07-20 08:15:41.517
company C,032247dd2322518294e9c099680717df,500000.0,HUF,invoice,2018-07-20 08:15:41.407
company D,06d6a1272fab2c27e57f8c92a4ebe598,10569.0,HUF,other,2019-02-19 12:36:42.727
company D,d9a1951c3d4ad461aac3d110ea21ccd8,3595.0,HUF,other,2019-02-19 12:36:42.733
company D,0f287de6d3ce3da95f063b153558a96d,300000.0,HUF,other,2019-03-01 13:28:29.807
company D,5d796be318d734ef7e04cdc9fd4e4d7e,36195.0,HUF,other,2019-04-26 10:50:35.340
company C,9a33cc5e28a588242ad5b1a5ceb013e3,1000000.0,HUF,other,2018-11-20 06:55:58.440
company C,9608ff08f0c6638b891af5b7d7a9d6ab,190000.0,HUF,invoice,2018-11-20 07:01:59.477
company C,9608ff08f0c6638b891af5b7d7a9d6ab,190000.0,HUF,invoice,2018-11-20 07:01:59.493
company C,9608ff08f0c6638b891af5b7d7a9d6ab,190000.0,HUF,invoice,2018-11-20 07:01:59.523
company C,9608ff08f0c6638b891af5b7d7a9d6ab,190000.0,HUF,invoice,2018-11-20 07:01:59.503
company C,9608ff08f0c6638b891af5b7d7a9d6ab,190000.0,HUF,invoice,2018-11-20 07:01:59.563
company C,29bc6a139098832dd23a0cba416bbe21,95250.0,HUF,invoice,2019-03-20 11:29:39.587
company C,29bc6a139098832dd23a0cba416bbe21,95250.0,HUF,invoice,2019-03-20 11:29:39.580
company B,9dbf53be16b891d64e6b4155587a605d,61000.0,HUF,tax,2019-02-19 15:00:35.050
company D,099ff9f1019c4f8c7d93060d0f39dab2,300000.0,HUF,other,2019-02-05 16:11:35.607
company D,f930c36f78132980abb7880fa2634535,50280.0,HUF,other,2019-02-05 16:11:35.593
company D,06d6a1272fab2c27e57f8c92a4ebe598,14092.0,HUF,other,2019-02-05 16:11:35.627
company D,5d796be318d734ef7e04cdc9fd4e4d7e,82037.0,HUF,other,2019-02-05 16:11:35.617
company D,cfaacbc068247d2f021cf8b441348f77,9493.0,HUF,other,2019-02-05 16:08:33.850
company D,5d796be318d734ef7e04cdc9fd4e4d7e,9493.0,HUF,other,2019-02-05 16:11:35.637
company C,cb209dc1783ed163d8571cf64f733686,66000.0,HUF,tax,2018-07-20 12:02:02.247
company C,9a33cc5e28a588242ad5b1a5ceb013e3,1200000.0,HUF,other,2018-07-20 12:41:34.603
company C,9a33cc5e28a588242ad5b1a5ceb013e3,1050000.0,HUF,other,2018-07-20 12:44:39.637
company D,5d796be318d734ef7e04cdc9fd4e4d7e,717531.0,HUF,other,2019-04-02 15:22:28.303
company D,5d796be318d734ef7e04cdc9fd4e4d7e,37711.0,HUF,other,2019-04-02 15:22:28.167
company C,a4a784f1711e456f9a5f8e40a73c2874,157000.0,HUF,tax,2018-06-12 08:52:18.550
company C,91d482cc280baa037b65487d5454da10,170000.0,HUF,tax,2018-06-12 08:57:21.033
company C,8775e74b8ee8d3ac52cf82ec402c80e8,147000.0,HUF,tax,2018-06-12 08:58:26.077
company C,5a30deed5ffd63e2630ad4380b447a5f,371000.0,HUF,tax,2018-06-12 08:58:27.640
company C,ec34e592e6508c69a435bba963b6d8e5,29000.0,HUF,tax,2018-06-12 08:59:28.777
company C,3a10662b4559bf63392435abfb07ec2f,197000.0,HUF,salary,2018-06-12 09:10:29.033
company C,65f1a7d51d629fcb9823aa81da379c1d,120032.0,HUF,salary,2018-06-12 09:11:30.063
company C,2fe83fefd5082668a6c3069a0ffd489b,166250.0,HUF,salary,2018-06-12 09:12:30.420
company C,3e0e110d01129540707c5dd6a95e9517,152950.0,HUF,salary,2018-07-20 12:42:37.450
company C,579a00d7827f82071411fffd6cc9335a,85020.0,HUF,salary,2018-06-12 09:17:32.103
company C,cd23a32f6837612a943cbb152ee881b1,8481.0,HUF,salary,2018-06-12 09:19:33.753
company C,8fa2a19715bbca3d9f7a566950a56ddf,738.0,HUF,salary,2018-06-12 09:20:34.810
company C,cd23a32f6837612a943cbb152ee881b1,9219.0,HUF,salary,2018-06-12 09:21:36.400
company C,b75853b76cb09249107597c2c5f9ffa8,564500.0,HUF,salary,2018-06-12 11:08:07.100
company C,a4a784f1711e456f9a5f8e40a73c2874,170000.0,HUF,tax,2018-09-07 13:26:48.990
company C,91d482cc280baa037b65487d5454da10,179000.0,HUF,tax,2018-09-07 13:27:49.103
company C,8775e74b8ee8d3ac52cf82ec402c80e8,155000.0,HUF,tax,2018-09-07 13:27:49.140
company C,5a30deed5ffd63e2630ad4380b447a5f,388000.0,HUF,tax,2018-09-07 13:31:50.253
company C,ec34e592e6508c69a435bba963b6d8e5,30000.0,HUF,tax,2018-09-07 13:32:57.700
company C,b75853b76cb09249107597c2c5f9ffa8,564500.0,HUF,salary,2018-10-26 13:43:21.533
company C,3e0e110d01129540707c5dd6a95e9517,152950.0,HUF,salary,2018-09-07 13:36:15.180
company C,579a00d7827f82071411fffd6cc9335a,161250.0,HUF,salary,2018-09-07 13:36:15.270
company C,3a10662b4559bf63392435abfb07ec2f,197000.0,HUF,salary,2018-09-07 13:33:59.410
company C,65f1a7d51d629fcb9823aa81da379c1d,120032.0,HUF,salary,2018-09-07 13:34:01.793
company C,2fe83fefd5082668a6c3069a0ffd489b,166250.0,HUF,salary,2018-09-07 13:35:02.133
company C,b75853b76cb09249107597c2c5f9ffa8,150000.0,HUF,salary,2018-06-05 08:05:09.873
company C,f0faa6ddb3eb5f8577a40e82498bb2d9,21015.0,HUF,other,2019-01-15 08:24:20.220
company D,426ef6e65c3a3517738c781b1bb5b0e0,9971.0,HUF,other,2019-03-08 10:37:14.160
company B,453d9fd7ef7aa8e6e11b8cc9c623664c,2540.0,HUF,invoice,2019-01-10 10:13:27.660
company B,915d64d0debb807845ed668b1b8aa9f3,24235.0,HUF,tax,2019-01-10 10:31:20.990
company C,9a33cc5e28a588242ad5b1a5ceb013e3,9000.0,HUF,other,2018-06-13 13:26:14.237
company D,6b3732080aa50947a6f194bf9fc93b7a,59690.0,HUF,other,2019-03-01 09:18:37.043
company D,752719edb735f5d315baf9b3bf060d60,4758.0,HUF,other,2019-03-08 09:25:46.040
company D,a812933e3ba65d86228b94e4490c6e81,153383.0,HUF,salary,2019-03-08 09:25:46.083
company D,6655a1edc8edd239e90cd532ac27df2b,163000.0,HUF,salary,2019-03-08 09:25:46.030
company D,a200b7fad50111e79eb8caa6149be0df,350455.0,HUF,salary,2019-03-08 09:25:46.020
company D,9941e0605a2d82325062ebc6d48312f6,129675.0,HUF,salary,2019-03-08 09:25:46.090
company D,b5d8ba0928d985e14ccd2168e8b3d164,500001.0,HUF,salary,2019-03-08 09:25:46.153
company D,066d24be76d30970e27980a75e717668,831250.0,HUF,salary,2019-03-08 09:25:46.203
company D,eb3148273c690d66a28a20c0ee3bb1a8,922000.0,HUF,tax,2019-03-12 13:04:12.530
company D,5029da084f46c8f2ec86353d67e9e4de,637000.0,HUF,tax,2019-03-12 13:04:12.577
company D,3385e3aee5200cdae234b81d743b7e77,542000.0,HUF,tax,2019-03-12 13:04:12.560
company D,62d44bd8cad3afbb28194b7ed93b6874,1201000.0,HUF,tax,2019-03-12 13:04:12.567
company D,a187c5e82f60fd6017468236b690e986,96000.0,HUF,tax,2019-03-12 13:04:12.590
company D,3045f76ab3bf39e94f9a1bbc9deb761b,32698.0,HUF,tax,2019-06-11 16:16:26.153
company D,f2b5dc8653cd7b41c1110073a8cf2529,11130.0,HUF,tax,2019-06-11 16:16:26.187
company D,f2b5dc8653cd7b41c1110073a8cf2529,1000.0,HUF,tax,2019-06-11 16:16:26.163
company D,d4f9a91d26e1e64fec9de4e21a5375de,4714.0,HUF,tax,2019-06-11 16:16:26.230
company D,e03a8caa52def384234e2a16141db354,8938.0,HUF,tax,2019-06-11 16:16:26.200
company D,e03a8caa52def384234e2a16141db354,1000.0,HUF,tax,2019-06-11 16:16:26.213
company D,5ac69c614f4c677e7a6f4fded4552054,37480.0,HUF,tax,2019-06-11 16:16:26.177
company D,eb3148273c690d66a28a20c0ee3bb1a8,1024000.0,HUF,tax,2019-06-11 16:16:26.240
company D,5029da084f46c8f2ec86353d67e9e4de,681000.0,HUF,tax,2019-06-11 16:16:26.250
company D,3385e3aee5200cdae234b81d743b7e77,564000.0,HUF,tax,2019-06-11 16:16:26.260
company D,62d44bd8cad3afbb28194b7ed93b6874,1238000.0,HUF,tax,2019-06-11 16:16:26.273
company D,a187c5e82f60fd6017468236b690e986,3000.0,HUF,tax,2019-06-11 16:16:26.320
company D,bc9c666e0e92df29ab12e53b5416ac55,9660.0,HUF,other,2019-03-08 10:19:41.687
company D,bc9c666e0e92df29ab12e53b5416ac55,18975.0,HUF,other,2019-03-08 10:19:41.533
company D,a9c5b5ebbc55c89d95849d2246b5f0f0,13222.0,HUF,other,2019-03-11 12:40:46.550
company C,9a33cc5e28a588242ad5b1a5ceb013e3,270000.0,HUF,other,2018-11-23 10:32:08.513
company D,0f287de6d3ce3da95f063b153558a96d,300000.0,HUF,other,2019-04-02 15:22:28.227
company C,5eb3ad375c2a50f58e26c45076847780,317500.0,HUF,invoice,2019-03-22 08:02:26.757
company C,9a33cc5e28a588242ad5b1a5ceb013e3,60000.0,HUF,other,2018-07-19 06:19:24.907
company C,b75853b76cb09249107597c2c5f9ffa8,200000.0,HUF,salary,2018-07-19 08:31:26.310
company B,0d4a806e87d5a683263bd45dbcf51f97,5404.0,HUF,invoice,2018-09-12 14:50:57.367
company D,49ff4c9db30a26368af5c76641e090ba,1905000.0,HUF,other,2019-01-31 16:43:05.630
company D,ed5e6057bc7b0921b5a16b29395f73fe,525780.0,HUF,tax,2019-01-31 14:07:08.957
company D,ed5e6057bc7b0921b5a16b29395f73fe,525780.0,HUF,other,2019-02-01 09:11:30.663
company C,20c55287f7e8d8f051ba1e0546f41646,32371.0,HUF,invoice,2018-12-15 08:23:56.497
company C,20c55287f7e8d8f051ba1e0546f41646,103229.0,HUF,invoice,2018-12-15 08:23:56.747
company C,a0c28cc16218f0393020fdf440be4a99,325120.0,HUF,invoice,2018-12-15 08:23:56.800
company C,e3b6e8cc28999384107e9fae9aa83bf6,381000.0,HUF,invoice,2018-12-15 08:23:58.197
company B,0d4a806e87d5a683263bd45dbcf51f97,5404.0,HUF,invoice,2018-12-14 20:32:49.417
company C,88061ccac93742fd333a63f73bb2ac6d,450000.0,HUF,invoice,2018-12-15 08:23:54.197
company C,02f9cfbf6726fc81b476cd2f2bcd1063,4939792.0,HUF,invoice,2018-12-15 08:23:54.947
company C,d2a6bff0056898bc6c3a197bb5eaedf1,2367300.0,HUF,invoice,2018-12-15 08:23:54.997
company C,b215d76c1b9560be992b42c56332c667,88900.0,HUF,invoice,2018-12-15 08:23:54.347
company C,29bc6a139098832dd23a0cba416bbe21,95250.0,HUF,invoice,2018-12-15 08:23:56.247
company C,29bc6a139098832dd23a0cba416bbe21,95250.0,HUF,invoice,2018-12-15 08:23:56.000
company C,20c55287f7e8d8f051ba1e0546f41646,32371.0,HUF,invoice,2018-12-15 08:23:56.147
company C,9a33cc5e28a588242ad5b1a5ceb013e3,2000000.0,HUF,other,2018-12-15 08:45:21.307
company C,32d56c728bb3acda1ababaac19acc02c,158369.0,HUF,invoice,2018-09-23 18:27:20.087
company C,29bc6a139098832dd23a0cba416bbe21,95250.0,HUF,invoice,2018-09-23 18:42:21.197
company D,752719edb735f5d315baf9b3bf060d60,4758.0,HUF,other,2019-02-07 11:57:50.423
company D,752719edb735f5d315baf9b3bf060d60,4758.0,HUF,other,2019-02-08 09:59:13.700
company C,394cbfdd3b16018b7f55d5efa79d5341,129000.0,HUF,tax,2019-02-22 12:03:23.583
company C,a5560133ebda7f6075a62b2b31b68b8a,14000.0,HUF,tax,2019-02-22 12:03:23.597
company C,4afa9362e989d01c241fdbb1829d12d6,19000.0,HUF,tax,2019-02-22 12:03:23.590
company C,8bd09f65d08684c7ccab67147d401e88,3650900.0,HUF,tax,2019-02-22 12:10:27.010
company C,e73a524a762b1122d440088382ac22a1,444500.0,HUF,invoice,2018-11-06 11:33:57.563
company C,a0c28cc16218f0393020fdf440be4a99,72390.0,HUF,invoice,2018-09-05 17:45:15.937
company C,d370b94731df91bbae2b49b4f59b1e71,127000.0,HUF,invoice,2018-11-27 11:47:12.677
company B,6d65834b3d7106ec6f0da7c1ba47c172,40000.0,HUF,invoice,2018-10-31 15:03:25.670
company B,2618ef17e143358a97fd7176299b6287,6985.0,HUF,invoice,2018-10-31 15:03:25.707
company D,54eb230d60ade748b43f630cbb57a2c0,129675.0,HUF,other,2019-02-04 14:30:07.977
company D,50d14d3f7d5e552b046b2858fc1ab5f2,129675.0,HUF,other,2019-02-04 14:30:07.917
company D,49ff4c9db30a26368af5c76641e090ba,8248650.0,HUF,other,2019-02-28 15:48:04.357
company C,3e0e110d01129540707c5dd6a95e9517,152950.0,HUF,salary,2018-11-13 21:58:25.503
company C,579a00d7827f82071411fffd6cc9335a,90682.0,HUF,salary,2018-11-09 15:17:34.963
company C,b75853b76cb09249107597c2c5f9ffa8,564500.0,HUF,salary,2018-11-13 21:58:25.487
company C,a4a784f1711e456f9a5f8e40a73c2874,152000.0,HUF,tax,2018-11-13 21:58:25.467
company C,91d482cc280baa037b65487d5454da10,168000.0,HUF,tax,2018-11-13 21:58:25.520
company C,8775e74b8ee8d3ac52cf82ec402c80e8,146000.0,HUF,tax,2018-11-13 21:58:25.430
company C,5a30deed5ffd63e2630ad4380b447a5f,366000.0,HUF,tax,2018-11-13 21:58:25.513
company C,ec34e592e6508c69a435bba963b6d8e5,28000.0,HUF,tax,2018-11-13 21:58:25.530
company C,ec34e592e6508c69a435bba963b6d8e5,30000.0,HUF,tax,2018-10-10 16:19:26.230
company C,3a10662b4559bf63392435abfb07ec2f,197000.0,HUF,salary,2018-10-10 16:35:43.520
company C,65f1a7d51d629fcb9823aa81da379c1d,120032.0,HUF,salary,2018-10-10 16:35:59.137
company C,2fe83fefd5082668a6c3069a0ffd489b,166250.0,HUF,salary,2018-10-10 16:37:01.837
company C,b75853b76cb09249107597c2c5f9ffa8,564500.0,HUF,salary,2018-10-26 13:43:21.587
company C,3e0e110d01129540707c5dd6a95e9517,152950.0,HUF,salary,2018-10-10 16:38:06.637
company C,579a00d7827f82071411fffd6cc9335a,156250.0,HUF,salary,2018-10-10 16:39:11.447
company C,8bd09f65d08684c7ccab67147d401e88,3650900.0,HUF,tax,2018-09-18 07:57:46.797
company C,476b8dfe10a43191ff7ddc62d9cafe27,78600.0,HUF,tax,2018-09-18 07:59:46.920
company C,5bfba9e33ad4be5dd894124c9293c2fb,76980.0,HUF,tax,2018-09-18 08:00:47.237
company B,453d9fd7ef7aa8e6e11b8cc9c623664c,5715.0,HUF,invoice,2018-09-18 11:02:52.067
company B,453d9fd7ef7aa8e6e11b8cc9c623664c,2540.0,HUF,invoice,2019-04-15 11:05:12.253
company D,13cacdef09566e82b700eaf5f4cd6a13,138000.0,HUF,other,2019-02-04 14:30:07.883
company B,453d9fd7ef7aa8e6e11b8cc9c623664c,15240.0,HUF,invoice,2018-11-08 19:46:24.993
company C,3a10662b4559bf63392435abfb07ec2f,197000.0,HUF,salary,2018-11-13 21:58:25.413
company C,65f1a7d51d629fcb9823aa81da379c1d,120032.0,HUF,salary,2018-11-13 21:58:25.377
company C,2fe83fefd5082668a6c3069a0ffd489b,166250.0,HUF,salary,2018-11-13 21:58:25.460
company C,6a71c32e99d7a9f2d73b1a0fad0733bf,20207.0,HUF,salary,2018-11-13 21:58:25.477
company C,6a71c32e99d7a9f2d73b1a0fad0733bf,4376.0,HUF,salary,2018-11-13 21:58:25.497
company C,a9f5974d2d26f4b3a8cffe7d90a3525b,15028.0,HUF,salary,2019-01-09 15:20:14.457
company C,b75853b76cb09249107597c2c5f9ffa8,564500.0,HUF,salary,2018-11-08 21:37:23.750
company C,32d56c728bb3acda1ababaac19acc02c,158369.0,HUF,invoice,2018-09-23 18:00:17.880
company C,32d56c728bb3acda1ababaac19acc02c,158369.0,HUF,invoice,2018-09-23 18:19:19.637
company C,20c55287f7e8d8f051ba1e0546f41646,241623.0,HUF,other,2018-10-13 10:54:59.507
company C,2d5cf677e7ee70ae9071b267dda79dba,105164.0,HUF,other,2018-12-18 11:51:12.920
company C,d5ccea30e9262030c7eba1e38a7de594,10740.0,HUF,other,2018-12-18 11:51:12.883
company B,2618ef17e143358a97fd7176299b6287,6985.0,HUF,invoice,2018-09-13 21:34:27.020
company C,5eb3ad375c2a50f58e26c45076847780,1270000.0,HUF,invoice,2019-03-05 10:20:23.190
company D,c376417626b83db49d1e0d5c2481a0ba,3000000.0,HUF,other,2019-03-07 13:34:35.320
company D,bf676b246160b616d370fb1ebe0d1654,41607.0,HUF,other,2019-03-01 09:18:37.150
company D,387fa89abe59cab1a6c9a27f42031848,4536.0,HUF,other,2019-02-25 09:25:27.793
company B,eecefd93d272875b59a3b403ed82b1d4,18000.0,HUF,tax,2019-02-28 17:44:41.323
company B,32aa69449692276d7d9347046165a33e,7000.0,HUF,tax,2019-02-28 17:44:41.333
company B,6d65834b3d7106ec6f0da7c1ba47c172,40000.0,HUF,invoice,2019-02-28 17:43:40.770
company C,b75853b76cb09249107597c2c5f9ffa8,378215.0,HUF,salary,2018-12-12 07:33:40.070
company C,729e7d6bfcb381d4c7cfa12c63c85162,186285.0,HUF,salary,2018-12-15 08:19:01.947
company C,a4a784f1711e456f9a5f8e40a73c2874,170000.0,HUF,tax,2018-12-15 08:16:57.297
company C,91d482cc280baa037b65487d5454da10,179000.0,HUF,tax,2018-12-15 08:16:57.347
company C,8775e74b8ee8d3ac52cf82ec402c80e8,155000.0,HUF,tax,2018-12-15 08:16:57.597
company C,5a30deed5ffd63e2630ad4380b447a5f,389000.0,HUF,tax,2018-12-15 08:16:57.643
company C,ec34e592e6508c69a435bba963b6d8e5,30000.0,HUF,tax,2018-12-15 08:16:57.447
company C,3a10662b4559bf63392435abfb07ec2f,197000.0,HUF,salary,2018-12-12 07:33:39.970
company C,65f1a7d51d629fcb9823aa81da379c1d,120032.0,HUF,salary,2018-12-11 07:32:26.597
company C,2fe83fefd5082668a6c3069a0ffd489b,166250.0,HUF,salary,2018-12-11 07:32:26.547
company C,a9f5974d2d26f4b3a8cffe7d90a3525b,39611.0,HUF,salary,2018-12-11 07:32:26.493
company C,6a71c32e99d7a9f2d73b1a0fad0733bf,11071.0,HUF,salary,2018-12-11 07:32:26.443
company C,6a71c32e99d7a9f2d73b1a0fad0733bf,1000.0,HUF,salary,2018-12-11 07:32:26.397
company B,6d65834b3d7106ec6f0da7c1ba47c172,40000.0,HUF,invoice,2018-10-01 14:05:28.990
company D,5d796be318d734ef7e04cdc9fd4e4d7e,705211.0,HUF,other,2019-04-12 14:06:22.310
company C,d2a6bff0056898bc6c3a197bb5eaedf1,1524000.0,HUF,invoice,2019-04-18 06:57:24.853
company B,2618ef17e143358a97fd7176299b6287,6985.0,HUF,invoice,2018-09-07 17:12:53.383
company B,2618ef17e143358a97fd7176299b6287,6985.0,HUF,invoice,2018-09-07 17:12:53.677
company C,caf861851f88fc23e753674aebe0efcc,190500.0,HUF,invoice,2019-04-12 09:42:38.747
company D,5d796be318d734ef7e04cdc9fd4e4d7e,18593.0,HUF,other,2019-03-01 09:18:37.067
company D,6c4ac6b4a4eb197551805a0bf7501314,242560.0,HUF,other,2019-03-01 09:18:36.933
company C,cd23a32f6837612a943cbb152ee881b1,99039.0,HUF,other,2019-03-18 09:59:44.903
company D,b32314825ccf104d9d494f5df864088f,883487.0,HUF,other,2019-04-26 10:51:38.470
company D,0f287de6d3ce3da95f063b153558a96d,300000.0,HUF,other,2019-04-18 13:08:56.943
company D,49ff4c9db30a26368af5c76641e090ba,577850.0,HUF,other,2019-03-01 12:07:37.140
company D,49ff4c9db30a26368af5c76641e090ba,8248650.0,HUF,other,2019-03-01 12:07:37.210
company D,29ddb5fa744430ccea3d4b665a3a9a6a,577850.0,HUF,other,2019-03-01 12:16:02.103
company D,879ec39ddd7ff27ab7545d15368d98e5,994739.0,HUF,other,2019-03-01 12:21:38.010
company D,099ff9f1019c4f8c7d93060d0f39dab2,300000.0,HUF,other,2019-03-01 13:28:29.777
company B,05ed321cf93c3d70a65636c18d12772d,3543.0,HUF,invoice,2018-12-06 19:47:21.377
company C,d28750ea05fa1d31feabb82c39732d29,1112000.0,HUF,tax,2019-04-23 12:11:17.173
company C,cb209dc1783ed163d8571cf64f733686,50550.0,HUF,tax,2019-04-23 12:11:17.180
company C,7cd45d10bfe42ba383b9fe2d4bf6412c,8334.0,HUF,salary,2018-12-11 07:32:26.290
company C,3e0e110d01129540707c5dd6a95e9517,152950.0,HUF,salary,2018-12-11 07:32:26.350
company C,579a00d7827f82071411fffd6cc9335a,166250.0,HUF,salary,2018-12-11 07:32:26.697
company C,9a33cc5e28a588242ad5b1a5ceb013e3,20000.0,HUF,other,2018-12-07 09:51:54.503
company D,49e1883c4b6bd832488aa3705b5c9f8a,254000.0,HUF,other,2019-04-17 09:17:09.517
company C,9a33cc5e28a588242ad5b1a5ceb013e3,1000000.0,HUF,other,2018-12-21 14:43:23.197
company B,6d65834b3d7106ec6f0da7c1ba47c172,40000.0,HUF,invoice,2019-02-01 13:13:38.907
company B,32aa69449692276d7d9347046165a33e,8000.0,HUF,tax,2019-02-01 13:15:40.627
company C,e3b6e8cc28999384107e9fae9aa83bf6,1638300.0,HUF,invoice,2019-06-14 08:40:54.587
company C,8c8e98324a81fc9b40e3a157adf63209,25000.0,HUF,invoice,2019-06-14 08:37:49.853
company B,32aa69449692276d7d9347046165a33e,7000.0,HUF,tax,2018-10-31 16:44:19.290
company C,6c378ba6c75b5acf066a31cb882d4565,20315.0,HUF,other,2019-03-12 11:09:55.477
company D,49ff4c9db30a26368af5c76641e090ba,4762500.0,HUF,other,2019-02-07 09:03:23.750
company D,9316fa998598e637d75bd511810131f8,2075.0,HUF,other,2019-04-04 12:29:42.403
company C,a0c28cc16218f0393020fdf440be4a99,253883.0,HUF,invoice,2019-02-04 09:09:07.977
company C,9a33cc5e28a588242ad5b1a5ceb013e3,400000.0,HUF,other,2018-11-23 08:35:13.323
company C,394cbfdd3b16018b7f55d5efa79d5341,1888000.0,HUF,tax,2018-11-27 11:52:28.710
company C,20c55287f7e8d8f051ba1e0546f41646,154397.0,HUF,invoice,2018-11-26 10:33:38.910
company C,20c55287f7e8d8f051ba1e0546f41646,769.0,HUF,invoice,2018-11-26 10:33:38.983
company C,20c55287f7e8d8f051ba1e0546f41646,32371.0,HUF,invoice,2018-11-26 10:33:39.033
company C,20c55287f7e8d8f051ba1e0546f41646,103229.0,HUF,other,2018-11-26 10:49:01.940
company D,b0deee212f0e37d2ac795d5df622e27f,98763.0,HUF,other,2019-04-17 09:17:09.543
company D,dae5488fb7470ac315ea77aebb73bb6e,6482207.0,HUF,other,2019-04-15 09:58:12.607
company D,b32314825ccf104d9d494f5df864088f,430149.0,HUF,other,2019-04-12 10:55:27.647
company D,6655a1edc8edd239e90cd532ac27df2b,26600.0,HUF,salary,2019-04-10 10:15:07.270
company C,ac552d1871f3402773446518ec7ea37d,7112000.0,HUF,invoice,2018-12-17 10:23:08.380
company C,5532f34a708dfe6c322fbee4e2cb0139,660400.0,HUF,invoice,2018-12-17 13:16:33.413
company D,54eb230d60ade748b43f630cbb57a2c0,129675.0,HUF,salary,2019-03-08 09:25:45.913
company D,554caa7e8646c54ab1abcd74565d3f14,99085.0,HUF,salary,2019-03-08 09:25:45.973
company D,9935a831765f7e6da441da36b3c63615,105000.0,HUF,salary,2019-03-08 09:25:45.940
company D,50d14d3f7d5e552b046b2858fc1ab5f2,116058.0,HUF,salary,2019-03-08 09:25:45.923
company D,099ff9f1019c4f8c7d93060d0f39dab2,571500.0,HUF,other,2019-03-19 12:47:33.393
company D,099ff9f1019c4f8c7d93060d0f39dab2,571500.0,HUF,other,2019-03-26 09:43:59.427
company C,a0c28cc16218f0393020fdf440be4a99,8255.0,HUF,invoice,2018-12-17 12:29:16.577
company B,2618ef17e143358a97fd7176299b6287,6985.0,HUF,invoice,2019-05-06 12:43:58.460
company D,444e3d8cfbed282f5f450e72e3111c02,5384800.0,HUF,other,2019-03-26 15:01:34.030
company D,444e3d8cfbed282f5f450e72e3111c02,8077200.0,HUF,other,2019-03-26 15:01:34.040
company D,bdd7967f3be15b614a2d3f940c5076be,34545.0,HUF,other,2019-03-07 15:03:33.597
company D,ea67d28131873773b35fff74bc9b8f33,20000.0,HUF,other,2019-03-07 15:05:34.890
company D,a1be2af9464799010ae6e33e74c539c3,2842000.0,HUF,other,2019-03-13 09:02:28.300
company D,0b5db777f2651806a50b95afb4bf85ef,111125.0,HUF,other,2019-03-19 08:51:50.630
company D,5d796be318d734ef7e04cdc9fd4e4d7e,633569.0,HUF,other,2019-04-02 15:22:28.310
company D,3045f76ab3bf39e94f9a1bbc9deb761b,32698.0,HUF,other,2019-03-08 09:25:45.950
company D,13cacdef09566e82b700eaf5f4cd6a13,138000.0,HUF,salary,2019-03-08 09:25:46.100
company D,6cec11d5c58b2ce4a7e2c966dfddae77,129675.0,HUF,salary,2019-03-08 09:25:46.050
company D,4e869a621e8025b5005123b352ffacab,116003.0,HUF,salary,2019-03-08 09:25:46.013
company D,752719edb735f5d315baf9b3bf060d60,59479.0,HUF,other,2019-03-04 11:52:49.593
company D,5ac69c614f4c677e7a6f4fded4552054,59479.0,HUF,other,2019-03-08 09:25:45.993
company C,88a66399820d2baa287fb81b7b6086c3,5000.0,HUF,tax,2019-03-12 15:15:16.510
company C,579a00d7827f82071411fffd6cc9335a,50000.0,HUF,salary,2019-01-29 15:16:07.237
company D,066d24be76d30970e27980a75e717668,711906.0,HUF,tax,2019-02-08 09:59:13.677
company C,cb209dc1783ed163d8571cf64f733686,66000.0,HUF,tax,2019-01-21 13:54:24.013
company D,dd76e8d268a0935ab06537bbc2544fdd,5000.0,HUF,tax,2019-04-01 08:21:04.647
company D,43b764dccd7d12bcca2b1f2d3ee2d734,300000.0,HUF,salary,2019-04-10 10:15:07.257
company D,b86edcd75d171039bd805d167d84488f,92795.0,HUF,other,2019-04-08 09:28:30.357
company D,b86edcd75d171039bd805d167d84488f,92795.0,HUF,other,2019-04-08 09:28:30.370
company D,bea7ecbc4422daddddd9351d8fca743e,361315.0,HUF,other,2019-04-03 16:15:08.427
company C,4399b0557095a54ac4fb808d2559f494,889000.0,HUF,invoice,2018-11-15 06:40:55.240
company D,54e36bd3de29de6d3e28afc53a4cdec8,3822217.0,HUF,other,2019-04-01 12:48:45.967
company D,41f8b74450f36ef12e9ac0bb096dd071,812800.0,HUF,other,2019-03-18 15:41:32.793
company C,4399b0557095a54ac4fb808d2559f494,1000000.0,HUF,invoice,2019-05-22 03:20:45.497
company C,02f9cfbf6726fc81b476cd2f2bcd1063,2000000.0,HUF,invoice,2019-05-22 03:20:45.517
company D,554caa7e8646c54ab1abcd74565d3f14,18015.0,HUF,salary,2019-02-08 09:59:13.627
company D,eb3148273c690d66a28a20c0ee3bb1a8,900000.0,HUF,tax,2019-02-12 13:50:52.717
company D,5029da084f46c8f2ec86353d67e9e4de,622000.0,HUF,tax,2019-02-12 13:50:52.727
company D,3385e3aee5200cdae234b81d743b7e77,528000.0,HUF,tax,2019-02-12 13:50:52.743
company D,62d44bd8cad3afbb28194b7ed93b6874,1181000.0,HUF,tax,2019-02-12 13:50:52.767
company D,a187c5e82f60fd6017468236b690e986,93000.0,HUF,tax,2019-02-12 13:50:52.757
company D,5ac69c614f4c677e7a6f4fded4552054,59479.0,HUF,other,2019-02-08 09:59:13.610
company D,ea67d28131873773b35fff74bc9b8f33,20000.0,HUF,other,2019-03-20 15:38:26.737
company D,71ea155fd26fc9f0421d056c43c6f757,400000.0,HUF,other,2019-02-06 09:46:40.487
company D,b32314825ccf104d9d494f5df864088f,349999.0,HUF,other,2019-02-06 09:46:40.450
company D,6e154e5e6e544cbff60f5492de4f53ce,889000.0,HUF,other,2019-02-07 13:30:07.270
company D,ea67d28131873773b35fff74bc9b8f33,15000.0,HUF,other,2019-02-27 16:05:30.877
company B,05ed321cf93c3d70a65636c18d12772d,3543.0,HUF,invoice,2019-03-27 15:03:10.720
company D,a1be2af9464799010ae6e33e74c539c3,540950.0,HUF,other,2019-04-15 09:58:12.637
company C,a4a784f1711e456f9a5f8e40a73c2874,174000.0,HUF,tax,2019-04-12 08:19:26.283
company C,91d482cc280baa037b65487d5454da10,182000.0,HUF,tax,2019-04-12 08:19:26.277
company C,8775e74b8ee8d3ac52cf82ec402c80e8,158000.0,HUF,tax,2019-04-12 08:19:26.290
company C,5a30deed5ffd63e2630ad4380b447a5f,394000.0,HUF,tax,2019-04-12 08:19:26.267
company C,ec34e592e6508c69a435bba963b6d8e5,31000.0,HUF,tax,2019-04-12 08:19:26.300
company D,eb3148273c690d66a28a20c0ee3bb1a8,1059000.0,HUF,tax,2019-04-10 10:16:19.243
company D,5029da084f46c8f2ec86353d67e9e4de,682000.0,HUF,tax,2019-04-10 10:16:19.260
company D,3385e3aee5200cdae234b81d743b7e77,579000.0,HUF,tax,2019-04-10 10:16:19.250
company D,62d44bd8cad3afbb28194b7ed93b6874,1288000.0,HUF,tax,2019-04-10 10:16:19.287
company D,a187c5e82f60fd6017468236b690e986,102000.0,HUF,tax,2019-04-10 10:16:19.277
company D,d4ae5af5ee2f79bf8f8290ddae07dc41,33000.0,HUF,tax,2019-04-10 10:16:19.350
company D,54eb230d60ade748b43f630cbb57a2c0,129675.0,HUF,other,2019-04-03 09:06:34.717
company D,554caa7e8646c54ab1abcd74565d3f14,99085.0,HUF,other,2019-04-03 09:06:34.703
company D,54eb230d60ade748b43f630cbb57a2c0,129675.0,HUF,salary,2019-04-10 10:15:06.793
company D,554caa7e8646c54ab1abcd74565d3f14,99085.0,HUF,salary,2019-04-10 10:15:06.740
company D,9935a831765f7e6da441da36b3c63615,150000.0,HUF,salary,2019-04-10 10:15:06.807
company D,2223334c0fd7219eba9b366d78588d76,32698.0,HUF,tax,2019-04-03 09:41:05.187
company D,13cacdef09566e82b700eaf5f4cd6a13,138000.0,HUF,salary,2019-04-10 10:15:06.767
company D,6cec11d5c58b2ce4a7e2c966dfddae77,129675.0,HUF,salary,2019-04-10 10:15:06.927
company D,4e869a621e8025b5005123b352ffacab,85362.0,HUF,salary,2019-04-10 10:15:07.010
company D,5ac69c614f4c677e7a6f4fded4552054,59479.0,HUF,salary,2019-04-10 10:15:06.863
company D,752719edb735f5d315baf9b3bf060d60,4758.0,HUF,salary,2019-04-10 10:15:06.890
company D,a812933e3ba65d86228b94e4490c6e81,153383.0,HUF,salary,2019-04-10 10:15:06.823
company D,6655a1edc8edd239e90cd532ac27df2b,133000.0,HUF,salary,2019-04-10 10:15:07.000
company D,a200b7fad50111e79eb8caa6149be0df,350455.0,HUF,salary,2019-04-10 10:15:06.880
company D,9941e0605a2d82325062ebc6d48312f6,129675.0,HUF,salary,2019-04-10 10:15:06.957
company D,b5d8ba0928d985e14ccd2168e8b3d164,500001.0,HUF,salary,2019-04-10 10:15:06.900
company D,066d24be76d30970e27980a75e717668,831250.0,HUF,salary,2019-04-10 10:15:06.917
company D,afca46458a6076342d0b9cbb54106b9a,210007.0,HUF,salary,2019-04-10 10:15:07.043
company D,b32314825ccf104d9d494f5df864088f,610122.0,HUF,other,2019-03-01 09:18:37.107
company C,de8ac76f0c7d87f1c4ce2a0942828497,24201.0,HUF,other,2019-03-19 10:37:39.800
company C,a0e86de99f874940f1b911bb5015d0ea,91440.0,HUF,invoice,2019-03-19 10:45:43.057
company D,9316fa998598e637d75bd511810131f8,50000.0,HUF,other,2019-03-19 10:56:47.510
company D,467deb4618cdc83494bfbcc8884189a7,60985.0,HUF,other,2019-04-04 09:57:24.070
company D,0792ce55b303b62b3c8d1355416a389e,181162.0,HUF,other,2019-04-04 14:42:18.963
company D,06d6a1272fab2c27e57f8c92a4ebe598,14656.0,HUF,other,2019-04-15 09:58:12.623
company D,f930c36f78132980abb7880fa2634535,221385.0,HUF,other,2019-04-16 09:46:45.217
company D,f930c36f78132980abb7880fa2634535,62810.0,HUF,other,2019-04-04 14:44:20.943
company D,b32314825ccf104d9d494f5df864088f,1210122.0,HUF,other,2019-03-01 09:10:27.393
company B,2618ef17e143358a97fd7176299b6287,6350.0,HUF,invoice,2019-05-09 15:12:40.087
company D,2904def68817ff30dce448293c8513ac,2476500.0,HUF,other,2019-03-04 10:30:27.397
company D,2904def68817ff30dce448293c8513ac,1587500.0,HUF,other,2019-03-04 10:30:27.390
company D,9dbb054cbdd560f1855003ee0aeea900,508000.0,HUF,other,2019-03-04 11:05:02.830
company D,c376417626b83db49d1e0d5c2481a0ba,1000000.0,HUF,other,2019-03-04 11:05:02.823
company D,9dbf53be16b891d64e6b4155587a605d,14071000.0,HUF,tax,2019-04-23 09:21:04.067
company D,bdd7967f3be15b614a2d3f940c5076be,7050.0,HUF,other,2019-04-04 11:43:37.460
company D,aa21c4ef38566787a811238ff4b437f8,134675.0,HUF,salary,2019-04-10 10:15:07.023
company D,5228b6e075f86a22b50611743db903d4,129675.0,HUF,salary,2019-04-10 10:15:07.083
company D,5f05ece6eceb9a7060e824722eb10381,100016.0,HUF,salary,2019-04-10 10:15:07.077
company D,d5195d323da76eede3a59fd53bd52ad2,99085.0,HUF,salary,2019-04-10 10:15:07.017
company D,81f7f3312925c378dbddf640c3eb01e3,129675.0,HUF,salary,2019-04-10 10:15:07.137
company D,3b2fefcf70b0c53683e88e2f554ab018,299250.0,HUF,salary,2019-04-10 10:15:07.163
company D,3038dffb088c5d289dad8029046477a0,10614922.0,HUF,other,2019-02-05 10:03:54.357
company D,0792ce55b303b62b3c8d1355416a389e,135871.0,HUF,other,2019-02-05 10:03:54.457
company D,4ea72862349ec66706027007cf37b723,52500.0,HUF,other,2019-02-05 10:03:54.247
company D,54eb230d60ade748b43f630cbb57a2c0,129675.0,HUF,salary,2019-02-08 09:59:13.490
company D,50d14d3f7d5e552b046b2858fc1ab5f2,129675.0,HUF,salary,2019-02-08 09:59:13.497
company D,13cacdef09566e82b700eaf5f4cd6a13,138000.0,HUF,salary,2019-02-08 09:59:13.510
company D,093746b99c6c817e8148afd91ee3d9e8,54712.0,HUF,salary,2019-02-08 09:59:13.537
company D,6cec11d5c58b2ce4a7e2c966dfddae77,129675.0,HUF,salary,2019-02-08 09:59:13.560
company D,4e869a621e8025b5005123b352ffacab,116003.0,HUF,salary,2019-02-08 09:59:13.527
company D,6655a1edc8edd239e90cd532ac27df2b,163000.0,HUF,salary,2019-02-08 09:59:13.543
company D,a200b7fad50111e79eb8caa6149be0df,350455.0,HUF,salary,2019-02-08 09:59:13.577
company D,9941e0605a2d82325062ebc6d48312f6,129675.0,HUF,salary,2019-02-08 09:59:13.520
company D,066d24be76d30970e27980a75e717668,831250.0,HUF,salary,2019-02-08 09:59:13.593
company D,b5d8ba0928d985e14ccd2168e8b3d164,500001.0,HUF,salary,2019-02-08 09:59:13.587
company D,afca46458a6076342d0b9cbb54106b9a,210007.0,HUF,salary,2019-02-08 09:59:13.553
company D,aa21c4ef38566787a811238ff4b437f8,134675.0,HUF,salary,2019-02-08 09:59:13.567
company D,5228b6e075f86a22b50611743db903d4,129675.0,HUF,salary,2019-02-08 09:59:13.600
company D,5f05ece6eceb9a7060e824722eb10381,100016.0,HUF,salary,2019-02-08 09:59:13.617
company D,d5195d323da76eede3a59fd53bd52ad2,99085.0,HUF,salary,2019-02-08 09:59:13.647
company D,81f7f3312925c378dbddf640c3eb01e3,129675.0,HUF,salary,2019-02-08 09:59:13.633
company D,3b2fefcf70b0c53683e88e2f554ab018,299250.0,HUF,salary,2019-02-08 09:59:13.663
company D,a812933e3ba65d86228b94e4490c6e81,153383.0,HUF,salary,2019-02-08 09:59:13.640
company D,7ec3b8f97aad020aa9c464c61820bf05,20173.0,HUF,other,2019-04-09 09:17:33.960
company D,a2f910334beb97dead353868ca22e413,2386584.0,HUF,other,2019-04-01 13:53:52.700
company D,6a44d87b6eb917de0ebbac6266248070,236500.0,HUF,tax,2019-04-01 13:53:52.717
company C,476b8dfe10a43191ff7ddc62d9cafe27,48636.0,HUF,tax,2019-03-14 13:15:48.683
company C,53cd8e076f87ad244992f190738efb90,329000.0,HUF,tax,2019-03-14 13:15:48.653
company D,71ea155fd26fc9f0421d056c43c6f757,400000.0,HUF,other,2019-03-05 16:34:33.310
company D,43b764dccd7d12bcca2b1f2d3ee2d734,300000.0,HUF,other,2019-03-06 15:13:33.720
company D,88feaf14189e1490100c951f4b88954e,263691.0,HUF,other,2019-03-06 09:16:03.217
company D,583995546c2c2d5d1d4ad32a05b981b8,884526.0,HUF,other,2019-03-06 09:16:03.283
company D,5d796be318d734ef7e04cdc9fd4e4d7e,183145.0,HUF,other,2019-04-02 15:22:28.200
company D,f82f11af85b07a9e894264f751754f48,450000.0,HUF,other,2019-03-08 09:25:46.317
company D,fb069d10f9e841e36b766ad2457adac2,330581.0,HUF,other,2019-04-09 09:17:33.460
company D,f76c077668ebfb91b3e2d69f6ef9aa1a,657850.0,HUF,other,2019-04-26 10:50:35.417
company D,37dee58a72c11fb60a159ca627596c4b,50800.0,HUF,other,2019-04-26 10:50:35.427
company D,37dee58a72c11fb60a159ca627596c4b,50800.0,HUF,other,2019-04-02 12:53:24.663
company B,453d9fd7ef7aa8e6e11b8cc9c623664c,5715.0,HUF,invoice,2018-12-11 15:35:21.257
company D,f76c077668ebfb91b3e2d69f6ef9aa1a,588169.0,HUF,other,2019-04-02 15:22:28.237
company D,f930c36f78132980abb7880fa2634535,200600.0,HUF,other,2019-03-18 09:55:57.073
company D,f930c36f78132980abb7880fa2634535,111490.0,HUF,other,2019-04-02 15:22:28.187
company D,c376417626b83db49d1e0d5c2481a0ba,1800000.0,HUF,other,2019-03-07 13:34:35.273
company D,c376417626b83db49d1e0d5c2481a0ba,3000000.0,HUF,other,2019-03-07 13:34:35.227
company B,9dbf53be16b891d64e6b4155587a605d,43000.0,HUF,tax,2019-01-17 16:13:40.000
company C,9a5551b5b49a4de6f64fbe49ac6362fc,228600.0,HUF,invoice,2019-02-26 08:11:16.613
company D,54eb230d60ade748b43f630cbb57a2c0,120032.0,HUF,salary,2019-01-17 09:58:11.617
company C,44135de6760197666aa0841aa79d9e13,21385.0,HUF,other,2019-01-15 10:13:11.307
company C,d2a6bff0056898bc6c3a197bb5eaedf1,762000.0,HUF,invoice,2019-01-15 08:46:55.340
company D,6739d1144fbe11a768d3adaf79d3cbd7,500000.0,HUF,other,2019-02-01 15:59:37.687
company C,9a5551b5b49a4de6f64fbe49ac6362fc,228600.0,HUF,invoice,2019-04-09 10:26:31.043
company D,9dbf53be16b891d64e6b4155587a605d,9897000.0,HUF,tax,2019-02-18 15:00:01.827
company D,4bd33ae9e360166d4964795d1aa54b36,15131.0,HUF,tax,2019-02-18 15:00:01.837
company D,5d796be318d734ef7e04cdc9fd4e4d7e,286140.0,HUF,other,2019-04-25 13:37:46.030
company D,9dbf53be16b891d64e6b4155587a605d,14071000.0,HUF,tax,2019-04-25 13:46:52.787
company D,5d796be318d734ef7e04cdc9fd4e4d7e,169772.0,HUF,other,2019-04-26 10:50:35.333
company D,5d796be318d734ef7e04cdc9fd4e4d7e,7579.0,HUF,other,2019-03-13 09:02:28.317
company D,5f05ece6eceb9a7060e824722eb10381,100016.0,HUF,salary,2019-03-08 09:25:46.230
company D,d5195d323da76eede3a59fd53bd52ad2,99085.0,HUF,salary,2019-03-08 09:25:46.123
company D,81f7f3312925c378dbddf640c3eb01e3,129675.0,HUF,salary,2019-03-08 09:25:46.327
company D,3b2fefcf70b0c53683e88e2f554ab018,299250.0,HUF,salary,2019-03-08 09:25:46.293
company D,31f0f145175d13e9ec2f8dad9578bd2f,300000.0,HUF,other,2019-03-08 09:25:46.253
company D,b0deee212f0e37d2ac795d5df622e27f,196263.0,HUF,other,2019-02-20 14:34:42.177
company C,394cbfdd3b16018b7f55d5efa79d5341,5021000.0,HUF,tax,2018-12-21 14:45:23.513
company D,7af1963d1d11cc9e3e5368cdb4965b6a,93000.0,HUF,other,2019-03-11 12:40:46.533
company D,67c35cedee35feb90c4d40046644518a,16186699.0,HUF,other,2019-02-07 08:25:24.987
company D,9dcd59caae84074449bc02fdbd00b3d6,731520.0,HUF,other,2019-03-01 09:18:36.760
company D,6b3732080aa50947a6f194bf9fc93b7a,1092200.0,HUF,other,2019-03-01 09:18:36.860
company D,db1fd93b151942a09fc84600c92bb74a,32426.0,HUF,other,2019-03-01 09:18:36.750
company D,dc04df581fdd2647140f39affa4eda1c,86410.0,HUF,other,2019-02-13 14:54:05.287
company D,37dee58a72c11fb60a159ca627596c4b,63500.0,HUF,other,2019-03-01 09:18:36.703
company D,f930c36f78132980abb7880fa2634535,99200.0,HUF,other,2019-02-15 09:33:11.487
company D,f930c36f78132980abb7880fa2634535,203329.0,HUF,other,2019-02-15 09:33:11.537
company D,06d6a1272fab2c27e57f8c92a4ebe598,10569.0,HUF,other,2019-02-19 12:50:51.443
company D,0f287de6d3ce3da95f063b153558a96d,600000.0,HUF,other,2019-02-07 09:03:23.737
company D,bf676b246160b616d370fb1ebe0d1654,125000.0,HUF,other,2019-02-15 09:33:11.337
company D,d9a1951c3d4ad461aac3d110ea21ccd8,3595.0,HUF,other,2019-02-19 12:50:51.473
company D,7ec3b8f97aad020aa9c464c61820bf05,36928.0,HUF,other,2019-03-01 09:18:36.727
company D,d8d5fc775bd2920479ab31de799c3dab,1901442.0,HUF,other,2019-03-01 09:18:36.770
company C,f88059d8e9c71a994842cec0fe6d45d9,20161.0,HUF,other,2019-02-07 07:47:08.217
company C,a0c28cc16218f0393020fdf440be4a99,276240.0,HUF,invoice,2019-03-26 07:15:52.327
company C,4399b0557095a54ac4fb808d2559f494,2161280.0,HUF,other,2019-03-26 07:15:52.297
company C,88061ccac93742fd333a63f73bb2ac6d,700000.0,HUF,invoice,2019-03-26 07:15:52.307
company C,88061ccac93742fd333a63f73bb2ac6d,450000.0,HUF,invoice,2019-03-26 07:15:52.313
company C,e3b6e8cc28999384107e9fae9aa83bf6,1028700.0,HUF,invoice,2019-03-26 07:15:52.320
company C,e3b6e8cc28999384107e9fae9aa83bf6,1524000.0,HUF,invoice,2019-03-26 07:15:52.363
company C,b215d76c1b9560be992b42c56332c667,88900.0,HUF,invoice,2019-03-26 07:15:52.347
company C,b215d76c1b9560be992b42c56332c667,88900.0,HUF,invoice,2019-03-26 07:15:52.340
company D,677fc12b28a765e05d67e0a9ce0d26da,576392.0,HUF,other,2019-03-21 13:47:16.183
company C,394cbfdd3b16018b7f55d5efa79d5341,1041000.0,HUF,tax,2019-05-20 10:54:34.247
company C,d2a6bff0056898bc6c3a197bb5eaedf1,1447800.0,HUF,invoice,2019-05-20 10:54:34.223
company C,9608ff08f0c6638b891af5b7d7a9d6ab,190000.0,HUF,invoice,2018-12-21 10:25:07.350
company C,9608ff08f0c6638b891af5b7d7a9d6ab,190000.0,HUF,invoice,2018-12-21 10:25:07.270
company C,9608ff08f0c6638b891af5b7d7a9d6ab,190000.0,HUF,invoice,2018-12-21 10:25:07.260
company C,9608ff08f0c6638b891af5b7d7a9d6ab,190000.0,HUF,invoice,2018-12-21 10:25:07.447
company C,9608ff08f0c6638b891af5b7d7a9d6ab,190000.0,HUF,invoice,2018-12-21 10:25:07.627
company C,9608ff08f0c6638b891af5b7d7a9d6ab,190000.0,HUF,invoice,2018-12-21 10:25:07.110
company C,9608ff08f0c6638b891af5b7d7a9d6ab,190000.0,HUF,invoice,2018-12-21 10:25:07.357
company D,8a99734fd6c870ec481f915228155052,147500.0,HUF,other,2019-03-27 15:43:17.250
company B,6d65834b3d7106ec6f0da7c1ba47c172,40000.0,HUF,invoice,2019-05-03 08:57:18.903
company B,32aa69449692276d7d9347046165a33e,7000.0,HUF,tax,2019-05-03 08:57:18.937
company D,06d6a1272fab2c27e57f8c92a4ebe598,14656.0,HUF,other,2019-03-14 13:49:34.023
company D,5d796be318d734ef7e04cdc9fd4e4d7e,38152.0,HUF,other,2019-04-26 10:50:35.350
company D,71ea155fd26fc9f0421d056c43c6f757,2299970.0,HUF,other,2019-03-14 11:35:15.820
company B,9dbf53be16b891d64e6b4155587a605d,66000.0,HUF,tax,2019-05-20 16:51:18.480
company C,579a00d7827f82071411fffd6cc9335a,100000.0,HUF,salary,2019-01-18 13:04:07.157
company C,394cbfdd3b16018b7f55d5efa79d5341,2345000.0,HUF,tax,2019-04-23 12:11:17.193
company D,5d796be318d734ef7e04cdc9fd4e4d7e,215741.0,HUF,other,2019-04-23 12:07:11.820
company D,bf676b246160b616d370fb1ebe0d1654,125000.0,HUF,other,2019-04-23 12:08:13.533
company D,f76c077668ebfb91b3e2d69f6ef9aa1a,456025.0,HUF,other,2019-04-23 12:08:14.067
company D,9dbf53be16b891d64e6b4155587a605d,4856000.0,HUF,tax,2019-02-05 11:50:47.443
company D,b5d8ba0928d985e14ccd2168e8b3d164,500001.0,HUF,salary,2019-02-05 11:50:47.437
company D,94eb4bc97356e5f1887dfee5e6afc57e,5000.0,HUF,other,2019-04-03 09:43:06.097
company C,5eb3ad375c2a50f58e26c45076847780,1270000.0,HUF,invoice,2019-05-16 17:53:25.827
company C,3a10662b4559bf63392435abfb07ec2f,197000.0,HUF,salary,2019-03-11 14:47:40.657
company C,65f1a7d51d629fcb9823aa81da379c1d,129675.0,HUF,salary,2019-03-11 14:47:40.713
company C,2fe83fefd5082668a6c3069a0ffd489b,166250.0,HUF,salary,2019-03-11 14:47:40.687
company C,a9f5974d2d26f4b3a8cffe7d90a3525b,39370.0,HUF,salary,2019-03-11 14:47:40.697
company C,6a71c32e99d7a9f2d73b1a0fad0733bf,3423.0,HUF,tax,2019-03-08 10:58:48.490
company C,7cd45d10bfe42ba383b9fe2d4bf6412c,20280.0,HUF,salary,2019-03-11 14:47:40.703
company C,6a71c32e99d7a9f2d73b1a0fad0733bf,1764.0,HUF,salary,2019-03-11 14:47:40.663
company C,b75853b76cb09249107597c2c5f9ffa8,282250.0,HUF,salary,2019-03-11 14:47:40.673
company C,6a71c32e99d7a9f2d73b1a0fad0733bf,3423.0,HUF,salary,2019-03-11 14:47:40.680
company C,514b2f1e80570950515dbfd7b48eacdf,124900.0,HUF,salary,2019-03-11 14:47:40.647
company C,43a6b5adb6c36e67cd3743d0a6c4a776,157350.0,HUF,salary,2019-03-11 14:47:40.740
company C,3e0e110d01129540707c5dd6a95e9517,152950.0,HUF,salary,2019-03-11 14:47:40.720
company C,579a00d7827f82071411fffd6cc9335a,156275.0,HUF,salary,2019-03-11 09:39:17.063
company C,a4a784f1711e456f9a5f8e40a73c2874,172000.0,HUF,tax,2019-03-12 15:15:16.500
company C,91d482cc280baa037b65487d5454da10,181000.0,HUF,tax,2019-03-12 15:15:16.517
company C,8775e74b8ee8d3ac52cf82ec402c80e8,156000.0,HUF,tax,2019-03-12 15:15:16.553
company C,5a30deed5ffd63e2630ad4380b447a5f,391000.0,HUF,tax,2019-03-12 15:15:16.547
company C,ec34e592e6508c69a435bba963b6d8e5,30000.0,HUF,tax,2019-03-12 15:15:16.563
company C,5bfba9e33ad4be5dd894124c9293c2fb,38490.0,HUF,tax,2019-03-12 15:15:16.527
company C,8bd09f65d08684c7ccab67147d401e88,1455100.0,HUF,tax,2019-03-14 13:15:48.753
company D,c41591bf312a4f7bb4f868560bfd99de,362640.0,HUF,other,2019-04-15 09:58:12.630
company B,05ed321cf93c3d70a65636c18d12772d,3543.0,HUF,invoice,2019-04-26 17:44:25.497
company D,693518e29227d7f7273406fea935689f,14605.0,HUF,other,2019-04-24 15:21:19.747
company D,583995546c2c2d5d1d4ad32a05b981b8,5000.0,HUF,other,2019-03-22 09:59:55.563
company D,92e301233b6482d7c59d3bb727c5168d,361315.0,HUF,other,2019-03-22 10:03:57.757
company C,eda133098581c099865339e9a419f871,36000.0,HUF,tax,2019-02-25 10:06:04.730
company D,37dee58a72c11fb60a159ca627596c4b,44450.0,HUF,other,2019-04-18 10:58:17.447
company D,37dee58a72c11fb60a159ca627596c4b,50800.0,HUF,other,2019-04-18 10:58:17.607
company C,20c55287f7e8d8f051ba1e0546f41646,115742.0,HUF,invoice,2019-05-24 11:03:25.083
company C,20c55287f7e8d8f051ba1e0546f41646,107441.0,HUF,other,2019-05-24 11:06:27.397
company C,20c55287f7e8d8f051ba1e0546f41646,95224.0,HUF,other,2019-05-24 11:06:27.387
company C,d2a6bff0056898bc6c3a197bb5eaedf1,711200.0,HUF,other,2019-05-24 13:00:49.137
company B,05ed321cf93c3d70a65636c18d12772d,3543.0,HUF,invoice,2019-05-27 16:07:37.250
company B,2618ef17e143358a97fd7176299b6287,13970.0,HUF,invoice,2019-05-27 16:06:36.980
company C,02f9cfbf6726fc81b476cd2f2bcd1063,1500000.0,HUF,other,2019-05-27 15:02:33.163
company D,6c4ac6b4a4eb197551805a0bf7501314,15800.0,HUF,tax,2019-06-11 15:04:59.467
company D,b86edcd75d171039bd805d167d84488f,92795.0,HUF,tax,2019-06-11 15:04:59.457
company D,b86edcd75d171039bd805d167d84488f,92795.0,HUF,tax,2019-06-11 15:04:59.640
company D,daf43984cf1a6e68b0c1d988646acac1,276225.0,HUF,tax,2019-06-11 15:04:59.583
company D,b86edcd75d171039bd805d167d84488f,92795.0,HUF,other,2019-02-15 09:33:11.387
company D,b86edcd75d171039bd805d167d84488f,92795.0,HUF,other,2019-02-15 09:33:11.437
company D,5d796be318d734ef7e04cdc9fd4e4d7e,420169.0,HUF,other,2019-04-26 10:50:35.367
company D,5d796be318d734ef7e04cdc9fd4e4d7e,110853.0,HUF,other,2019-04-26 10:50:35.433
company D,49ff4c9db30a26368af5c76641e090ba,1905000.0,HUF,other,2019-03-26 14:25:11.973
company D,49ff4c9db30a26368af5c76641e090ba,1800000.0,HUF,other,2019-03-26 14:25:12.013
company D,67c35cedee35feb90c4d40046644518a,5796778.0,HUF,other,2019-04-17 09:17:09.527
company C,579a00d7827f82071411fffd6cc9335a,50000.0,HUF,salary,2019-03-29 14:16:08.313
company C,3e0e110d01129540707c5dd6a95e9517,152950.0,HUF,salary,2019-04-09 08:46:16.470
company C,579a00d7827f82071411fffd6cc9335a,116250.0,HUF,salary,2019-04-09 08:46:16.480
company C,6a71c32e99d7a9f2d73b1a0fad0733bf,1764.0,HUF,salary,2019-04-09 08:46:16.427
company C,b75853b76cb09249107597c2c5f9ffa8,378215.0,HUF,salary,2019-04-09 08:46:16.503
company C,43a6b5adb6c36e67cd3743d0a6c4a776,171382.0,HUF,salary,2019-04-09 08:46:16.493
company C,729e7d6bfcb381d4c7cfa12c63c85162,14903.0,HUF,salary,2019-04-09 08:46:16.487
company C,d34961f56fc82d7804192f17be669d1c,871428.0,HUF,invoice,2019-04-09 07:27:13.923
company C,d34961f56fc82d7804192f17be669d1c,871428.0,HUF,invoice,2019-04-09 07:27:13.913
company C,d34961f56fc82d7804192f17be669d1c,162560.0,HUF,invoice,2019-04-09 07:27:13.930
company C,9608ff08f0c6638b891af5b7d7a9d6ab,190000.0,HUF,invoice,2019-04-09 07:27:13.940
company C,9608ff08f0c6638b891af5b7d7a9d6ab,190000.0,HUF,invoice,2019-04-09 07:27:13.950
company C,3a10662b4559bf63392435abfb07ec2f,197000.0,HUF,salary,2019-04-09 08:46:16.410
company C,65f1a7d51d629fcb9823aa81da379c1d,129675.0,HUF,salary,2019-04-09 08:46:16.460
company C,2fe83fefd5082668a6c3069a0ffd489b,166250.0,HUF,salary,2019-04-09 08:46:16.450
company C,a9f5974d2d26f4b3a8cffe7d90a3525b,39370.0,HUF,salary,2019-04-09 08:46:16.437
company C,6a71c32e99d7a9f2d73b1a0fad0733bf,3523.0,HUF,salary,2019-04-09 08:46:16.417
company C,7cd45d10bfe42ba383b9fe2d4bf6412c,20280.0,HUF,salary,2019-04-09 08:46:16.443
company D,9dbf53be16b891d64e6b4155587a605d,9897500.0,HUF,tax,2019-03-18 09:04:09.903
company D,4bd33ae9e360166d4964795d1aa54b36,6833.0,HUF,tax,2019-03-18 09:04:09.917
company B,c46d055d5ce8a1534be9e57614805ddc,3810.0,HUF,invoice,2019-03-13 17:19:22.993
company C,de8ac76f0c7d87f1c4ce2a0942828497,181771.0,HUF,other,2019-03-18 14:23:46.267
company D,37dee58a72c11fb60a159ca627596c4b,57150.0,HUF,other,2019-04-12 10:55:27.583
company C,c775995d704ea995b170e4840c8ed5d2,26317.0,HUF,invoice,2019-03-18 14:11:35.487
company C,c775995d704ea995b170e4840c8ed5d2,26317.0,HUF,invoice,2019-03-18 14:11:35.500
company C,c775995d704ea995b170e4840c8ed5d2,25612.0,HUF,invoice,2019-03-18 14:11:35.493
company C,c775995d704ea995b170e4840c8ed5d2,26317.0,HUF,invoice,2019-03-18 14:11:35.470
company D,066d24be76d30970e27980a75e717668,682992.0,HUF,other,2019-04-10 10:22:32.770
company D,5d796be318d734ef7e04cdc9fd4e4d7e,93047.0,HUF,other,2019-03-13 09:02:28.347
company D,06d6a1272fab2c27e57f8c92a4ebe598,14092.0,HUF,other,2019-03-01 09:18:36.797
company D,f930c36f78132980abb7880fa2634535,226943.0,HUF,other,2019-03-01 09:18:36.820
company D,f930c36f78132980abb7880fa2634535,123780.0,HUF,other,2019-03-01 09:18:37.010
company D,8a99734fd6c870ec481f915228155052,285000.0,HUF,other,2019-02-06 14:53:17.433
company D,5d796be318d734ef7e04cdc9fd4e4d7e,5872.0,HUF,other,2019-03-01 09:18:36.890
company D,c76e563c10334b1de577c1d014e6e194,1384320.0,HUF,other,2019-02-06 12:10:20.087
company D,c76e563c10334b1de577c1d014e6e194,75780.0,HUF,other,2019-02-06 12:10:20.080
company B,d96a69e725113a4f421eb746ae6bd02e,17061.0,HUF,invoice,2019-02-06 12:31:38.307
company D,5d796be318d734ef7e04cdc9fd4e4d7e,85679.0,HUF,other,2019-02-19 12:36:42.783
company D,5d796be318d734ef7e04cdc9fd4e4d7e,2959.0,HUF,other,2019-02-06 12:48:49.197
company D,5d796be318d734ef7e04cdc9fd4e4d7e,14605.0,HUF,other,2019-02-19 12:36:42.750
company D,5d796be318d734ef7e04cdc9fd4e4d7e,4430.0,HUF,other,2019-02-19 12:36:42.773
company D,5d796be318d734ef7e04cdc9fd4e4d7e,247786.0,HUF,other,2019-02-19 12:36:42.710
company D,5d796be318d734ef7e04cdc9fd4e4d7e,859569.0,HUF,other,2019-03-01 09:18:36.423
company D,5d796be318d734ef7e04cdc9fd4e4d7e,27264.0,HUF,other,2019-03-01 09:18:36.407
company D,5d796be318d734ef7e04cdc9fd4e4d7e,34973.0,HUF,other,2019-03-01 09:18:36.383
company D,5d796be318d734ef7e04cdc9fd4e4d7e,201759.0,HUF,other,2019-03-01 09:18:36.503
company D,5d796be318d734ef7e04cdc9fd4e4d7e,60960.0,HUF,other,2019-03-01 09:18:36.593
company D,5d796be318d734ef7e04cdc9fd4e4d7e,452415.0,HUF,other,2019-03-01 09:18:36.477
company D,5d796be318d734ef7e04cdc9fd4e4d7e,428396.0,HUF,other,2019-03-01 09:18:36.650
company D,5d796be318d734ef7e04cdc9fd4e4d7e,67653.0,HUF,other,2019-03-01 09:18:36.527
company D,5d796be318d734ef7e04cdc9fd4e4d7e,313717.0,HUF,other,2019-03-01 09:18:36.687
company D,5d796be318d734ef7e04cdc9fd4e4d7e,28254.0,HUF,other,2019-03-01 09:18:36.570
company D,5d796be318d734ef7e04cdc9fd4e4d7e,260608.0,HUF,other,2019-03-01 09:18:36.667
company D,5d796be318d734ef7e04cdc9fd4e4d7e,23592.0,HUF,other,2019-03-01 09:18:36.840
company D,5d796be318d734ef7e04cdc9fd4e4d7e,29489.0,HUF,other,2019-03-13 09:02:28.280
company D,ea67d28131873773b35fff74bc9b8f33,20000.0,HUF,other,2019-02-06 13:22:30.793
company D,f85b74f74e0b90eb86e85a793eebd804,101600.0,HUF,other,2019-04-26 10:50:35.470
company D,5d796be318d734ef7e04cdc9fd4e4d7e,13970.0,HUF,other,2019-04-26 10:50:35.450
company C,b75853b76cb09249107597c2c5f9ffa8,378215.0,HUF,salary,2019-06-05 12:48:28.700
company C,3a10662b4559bf63392435abfb07ec2f,197000.0,HUF,salary,2019-06-05 17:45:25.913
company C,65f1a7d51d629fcb9823aa81da379c1d,129675.0,HUF,salary,2019-06-05 17:45:25.947
company C,2fe83fefd5082668a6c3069a0ffd489b,166250.0,HUF,salary,2019-06-05 17:45:25.900
company C,a9f5974d2d26f4b3a8cffe7d90a3525b,39370.0,HUF,salary,2019-06-05 17:45:25.827
company C,6a71c32e99d7a9f2d73b1a0fad0733bf,3423.0,HUF,salary,2019-06-05 17:45:25.887
company C,7cd45d10bfe42ba383b9fe2d4bf6412c,20280.0,HUF,salary,2019-06-05 17:45:25.840
company C,6a71c32e99d7a9f2d73b1a0fad0733bf,1764.0,HUF,salary,2019-06-05 17:45:25.937
company C,43a6b5adb6c36e67cd3743d0a6c4a776,171382.0,HUF,salary,2019-06-05 17:45:25.987
company C,729e7d6bfcb381d4c7cfa12c63c85162,14903.0,HUF,salary,2019-06-05 17:45:25.960
company C,3e0e110d01129540707c5dd6a95e9517,152950.0,HUF,salary,2019-06-05 17:45:25.923
company D,39f21350881666d539765dca15a02a88,203200.0,HUF,other,2019-04-02 12:05:18.203
company D,06d6a1272fab2c27e57f8c92a4ebe598,14656.0,HUF,other,2019-06-06 15:21:10.277
company B,453d9fd7ef7aa8e6e11b8cc9c623664c,13123.0,HUF,invoice,2019-02-06 18:26:33.197
company C,20c55287f7e8d8f051ba1e0546f41646,32371.0,HUF,invoice,2019-02-07 08:38:50.050
company C,20c55287f7e8d8f051ba1e0546f41646,108098.0,HUF,invoice,2019-02-07 08:38:50.040
company C,3a10662b4559bf63392435abfb07ec2f,197000.0,HUF,salary,2019-01-09 15:20:14.607
company C,65f1a7d51d629fcb9823aa81da379c1d,120032.0,HUF,salary,2019-01-09 15:20:14.507
company C,a9f5974d2d26f4b3a8cffe7d90a3525b,36442.0,HUF,salary,2019-01-09 15:20:14.407
company C,6a71c32e99d7a9f2d73b1a0fad0733bf,3169.0,HUF,salary,2019-01-09 15:20:14.907
company C,7cd45d10bfe42ba383b9fe2d4bf6412c,666.0,HUF,salary,2019-01-09 15:20:14.957
company C,7cd45d10bfe42ba383b9fe2d4bf6412c,19739.0,HUF,salary,2019-01-09 15:20:14.807
company C,b75853b76cb09249107597c2c5f9ffa8,378215.0,HUF,salary,2019-01-09 15:20:14.863
company C,729e7d6bfcb381d4c7cfa12c63c85162,35604.0,HUF,salary,2019-01-09 15:20:15.007
company C,729e7d6bfcb381d4c7cfa12c63c85162,150681.0,HUF,salary,2019-01-09 15:20:15.057
company C,3e0e110d01129540707c5dd6a95e9517,152950.0,HUF,salary,2019-01-09 15:20:14.757
company C,579a00d7827f82071411fffd6cc9335a,77500.0,HUF,salary,2019-01-09 15:20:15.210
company C,a4a784f1711e456f9a5f8e40a73c2874,168000.0,HUF,tax,2019-01-18 13:04:07.130
company C,91d482cc280baa037b65487d5454da10,178000.0,HUF,tax,2019-01-18 13:04:07.140
company C,8775e74b8ee8d3ac52cf82ec402c80e8,154000.0,HUF,tax,2019-01-18 13:04:07.147
company C,5a30deed5ffd63e2630ad4380b447a5f,385000.0,HUF,tax,2019-01-18 13:04:07.167
company C,ec34e592e6508c69a435bba963b6d8e5,30000.0,HUF,tax,2019-01-18 13:04:07.183
company D,2223334c0fd7219eba9b366d78588d76,32698.0,HUF,salary,2019-04-03 10:15:54.763
company D,31f0f145175d13e9ec2f8dad9578bd2f,300000.0,HUF,other,2019-04-10 10:15:07.147
company D,f82f11af85b07a9e894264f751754f48,450000.0,HUF,other,2019-04-10 10:15:07.127
company D,1b8090c0c9e1161c3f96fcb5cd77b874,30641.0,HUF,salary,2019-04-03 10:14:52.987
company D,1b8090c0c9e1161c3f96fcb5cd77b874,30641.0,HUF,salary,2019-04-03 10:17:56.817
company D,3045f76ab3bf39e94f9a1bbc9deb761b,32698.0,HUF,salary,2019-04-10 10:15:07.217
company D,1b8090c0c9e1161c3f96fcb5cd77b874,30641.0,HUF,salary,2019-04-10 10:15:07.233
company C,a0c28cc16218f0393020fdf440be4a99,175473.0,HUF,invoice,2019-04-30 15:41:20.200
company C,20c55287f7e8d8f051ba1e0546f41646,32371.0,HUF,invoice,2019-02-19 18:01:41.133
company C,20c55287f7e8d8f051ba1e0546f41646,95224.0,HUF,invoice,2019-02-19 18:01:41.117
company D,5d796be318d734ef7e04cdc9fd4e4d7e,32351.0,HUF,other,2019-03-01 09:18:36.983
company B,453d9fd7ef7aa8e6e11b8cc9c623664c,2540.0,HUF,invoice,2019-03-10 17:28:27.137
company D,b86edcd75d171039bd805d167d84488f,92795.0,HUF,other,2019-03-12 13:05:13.240
company D,b86edcd75d171039bd805d167d84488f,92795.0,HUF,other,2019-03-12 13:05:13.247
company C,caf861851f88fc23e753674aebe0efcc,190500.0,HUF,invoice,2019-04-12 09:42:38.703
company B,2618ef17e143358a97fd7176299b6287,13970.0,HUF,invoice,2019-06-03 14:26:42.730
company B,6d65834b3d7106ec6f0da7c1ba47c172,40000.0,HUF,invoice,2019-06-03 14:26:42.797
company B,32aa69449692276d7d9347046165a33e,8000.0,HUF,tax,2019-06-03 14:28:49.787
company C,88061ccac93742fd333a63f73bb2ac6d,700000.0,HUF,invoice,2019-06-14 08:41:57.427
company C,4399b0557095a54ac4fb808d2559f494,1032000.0,HUF,other,2019-06-14 08:45:04.933
company D,37dee58a72c11fb60a159ca627596c4b,50800.0,HUF,tax,2019-06-12 11:03:05.310
company D,37dee58a72c11fb60a159ca627596c4b,44450.0,HUF,tax,2019-06-12 11:03:05.283
company D,19a7218eb815f3851235f3be833d5a5c,11961495.0,HUF,tax,2019-06-14 13:52:50.237
company D,49ff4c9db30a26368af5c76641e090ba,9603435.0,HUF,other,2019-04-26 10:50:35.410
company C,ac552d1871f3402773446518ec7ea37d,2000000.0,HUF,other,2019-03-28 17:34:22.610
company D,13a5fbaf3b6b5e8fe6a84ab0d94c4a02,175260.0,HUF,other,2019-04-01 09:53:02.023
company C,579a00d7827f82071411fffd6cc9335a,166250.0,HUF,salary,2019-06-05 17:45:25.997
company C,a4a784f1711e456f9a5f8e40a73c2874,174000.0,HUF,tax,2019-06-13 13:43:04.033
company C,91d482cc280baa037b65487d5454da10,182000.0,HUF,tax,2019-06-13 13:43:03.980
company C,8775e74b8ee8d3ac52cf82ec402c80e8,157000.0,HUF,tax,2019-06-13 13:43:04.007
company C,5a30deed5ffd63e2630ad4380b447a5f,394000.0,HUF,tax,2019-06-13 13:43:04.090
company C,ec34e592e6508c69a435bba963b6d8e5,30000.0,HUF,tax,2019-06-13 13:43:04.103
company D,06d6a1272fab2c27e57f8c92a4ebe598,14656.0,HUF,other,2019-06-06 16:47:55.397
company D,06d6a1272fab2c27e57f8c92a4ebe598,14656.0,HUF,other,2019-06-06 15:38:02.623
company C,a4a784f1711e456f9a5f8e40a73c2874,174000.0,HUF,tax,2019-05-14 11:14:25.423
company C,91d482cc280baa037b65487d5454da10,182000.0,HUF,tax,2019-05-14 11:14:25.530
company C,8775e74b8ee8d3ac52cf82ec402c80e8,158000.0,HUF,tax,2019-05-14 11:14:25.447
company C,5a30deed5ffd63e2630ad4380b447a5f,394000.0,HUF,tax,2019-05-14 11:14:25.520
company C,ec34e592e6508c69a435bba963b6d8e5,30000.0,HUF,tax,2019-05-14 11:14:25.553
company C,3a10662b4559bf63392435abfb07ec2f,197000.0,HUF,salary,2019-05-10 11:29:50.510
company C,65f1a7d51d629fcb9823aa81da379c1d,129675.0,HUF,salary,2019-05-10 11:29:50.473
company C,2fe83fefd5082668a6c3069a0ffd489b,166250.0,HUF,salary,2019-05-10 11:29:50.523
company C,a9f5974d2d26f4b3a8cffe7d90a3525b,39370.0,HUF,salary,2019-05-10 11:29:50.547
company C,6a71c32e99d7a9f2d73b1a0fad0733bf,3423.0,HUF,salary,2019-05-10 11:29:50.433
company C,7cd45d10bfe42ba383b9fe2d4bf6412c,20280.0,HUF,salary,2019-05-10 11:29:50.497
company C,6a71c32e99d7a9f2d73b1a0fad0733bf,1764.0,HUF,salary,2019-05-10 11:29:50.447
company C,b75853b76cb09249107597c2c5f9ffa8,378215.0,HUF,salary,2019-05-10 11:29:50.487
company C,43a6b5adb6c36e67cd3743d0a6c4a776,171382.0,HUF,salary,2019-05-10 11:29:50.650
company C,729e7d6bfcb381d4c7cfa12c63c85162,14903.0,HUF,salary,2019-05-10 11:29:50.613
company C,3e0e110d01129540707c5dd6a95e9517,152950.0,HUF,salary,2019-05-10 11:29:50.640
company C,579a00d7827f82071411fffd6cc9335a,166250.0,HUF,salary,2019-05-10 11:29:50.590
company C,2fb3a8a567a5a1c5318adf5612c86c9b,34977.0,HUF,tax,2019-03-12 15:15:16.537
company C,2b571bf7c8b3c653ce5fc73b59e35f4c,120523.0,HUF,invoice,2019-05-23 13:54:26.230
company C,02f9cfbf6726fc81b476cd2f2bcd1063,5222240.0,HUF,invoice,2019-05-02 13:05:26.217
company C,caf861851f88fc23e753674aebe0efcc,959500.0,HUF,other,2019-05-08 07:43:36.020
company C,d3f73589ee730edf8c4f0b0fc530cb82,1000000.0,HUF,invoice,2019-05-08 07:43:36.043
company C,a0c28cc16218f0393020fdf440be4a99,191572.0,HUF,invoice,2019-05-28 16:00:05.197
company C,a0c28cc16218f0393020fdf440be4a99,176738.0,HUF,invoice,2019-05-28 16:00:05.187
company C,d34961f56fc82d7804192f17be669d1c,871428.0,HUF,invoice,2019-06-14 08:37:49.937
company C,e3b6e8cc28999384107e9fae9aa83bf6,1524000.0,HUF,invoice,2019-06-14 08:39:52.797
